	UCuV1dZFJDvQpXPsVlDYMz-Q
メイカちゃんねる	UC7-N7MvN5muVIHqyQx9LFbA
	UCphVi1SsxMeOSa2w1qwSR_w
A.I.Channel	UC4YaOt1yT-ZeyB0OmxHgolA
-おこめチャンネル-Okome Channel	UCIqfGSGcz_q7zkZYlmU04GQ
HIKKY Officials	UCJxel24Uj-Dw_RAmd5us9Ow
	UC3kUzLIMWMIJKt0n_ZqRs9g
Alpha Azur	UCdlxcNp-rmCrIfZwORXr0Og
メロン型容器に入ったアイス大好きりてちゃんねる	UCw6nf_0Bx5gb2BA0nlA0MQA
	UCRvpMpzAXBRKJQuk-8-Sdvg
	UCCsZjHDiCgvlZ8VyCQMEYuQ
	UCcmuIymL38UIP9_ojixhyww
	UC9icYu399JfbJNkN3odr3iQ
	UC7po1tLoBA36amrDV6gu0VQ
皇ちより	UCf8K5a8WtkUuSaiBCR2H9qw
	UCaF-mODqAziHivqg0Q61XKQ
渋谷ハジメのはじめ支部	UCeK9HFcRZoTrvqcUCtccMoQ
	UCupCAZz1l52vV8m-dvaoBVQ
	UCGu_Yfe0HiMV4ffHvkVd9Jg
	UCIGY-zKgFTOwjVCPgexaUoQ
	UCbfv8uuUXt3RSJGEwxny5Rw
	UCn14Z641OthNps7vppBvZFA
	UCU24mD4EG1FcCClr-LwUbkQ
	UC0fuCxSBLNvnhBwdY7Pfa_g
	UCTcGbTH9hlScXB-Bm1D4HNQ
魔界ノりりむ	UC9EjSJ8pvxtvPdxLOElv73w
	UC6MlluylILbTelNRAvofO1w
	UCd7M3i21IJiPXab50A2l6DA
	UCvzVB-EYuHFXHZrObB8a_Og
	UCyTw66xE5YkeTL2YduA69QQ
	UCPdgszKfW9cMabX5IYS9GUg
	UCyywCfsoxpahmmXY3FJI5UQ
	UCKwATdrcjyzNv9c56PqJbWA
	UCx44b2a1Uy9NqtU86puFRvQ
Kanae Channel	UCspv01oxUFf_MTSipURRhkA
	UCplvzgWDry_K9nnh7gBRsWQ
	UCODNLyn3L83wEmC0DLL0cxA
	UCQ7ApdQLT126CCMomI0Jn-Q
	UCXJQy1CifhBme9kOM6eWlGg
	UCS6Db5LjCOKhY6B1UlrCbkg
	UCPvGypSgfDkVe7JG2KygK7A
	UCYpsbeAgs1Ur7goBUFTL_OQ
	UCRiAOo2xHR__2WrfejWle8w
	UCXgWMxWE8x2SWwAFfQLS-bw
	UCRULMVtTfuMRRBAzfaqYwdA
	UCHK5wkevfaGrPr7j3g56Jmw
	UCbHfw3PD2s4ctvE5fgsIxKg
	UCeq831w6proFcSX83rdkOyA
	UCSt3p78jrIMXaGh-Gxv6eUg
	UCu0mhy-70kx9QiEFHa78C0Q
	UCN5MgS6X8GyMynqKgeTp_gA
	UC_aEa8K-EOJ3D6gOs7HcyNg
	UCCebk1_w5oiMUTRxdNJq0sA
	UC0i4wmkZTG75zXxTHpQZpFg
	UCFIAtyXz7XgNND_2GlE6t3A
	UCgV70B9EJ2m15dlinkf-bRQ
	UCOk9jmuNM4z2USwPxoSnyYg
	UCDG8K9g6qo8gX4jCjsqUVzA
天羽よつは	UCO2bnzPlCau6YzLoSt8EDdA
	UCvWHrKGNCgiPrV4OAUKIS8g
	UCCVwhI5trmaSxfcze_Ovzfw
	UCNPu5zXzXvS6pLCCaI5SnSA
	UCownXFQ7MHOu-pAF4T54ceg
	UC_AuJsYVZTfYO2LF1PDTuTA
	UCDVXivWK9feX2iRBc3SFegw
本間ひまわり - Himawari Honma -	UC0g1AE0DOjBYnLhkgoRWN1w
	UCtAvQ5U0aXyKwm2i4GqFgJg
	UCqLiszx_ts8t8JD0qUQxHRw
	UCLO9QDxVL4bnvRRsz6K4bsQ
	UCc5BawFmb7aNHck7HFtSKvw
	UCpdEvfutVyLsMLqItZoeZDQ
	UCw-oHE96lSfazGH6aLi3__g
	UCxxHQ8zXYAAd065Rmt0eKTA
	UCnzwQFJpRZvec3QgTSLJpKg
	UCIePNTYsCYSd3o13zXKLOrg
	UClzPnQnlA2hxxU_MATRdVew
	UC5fwtXKwDpgboOud4DbjQTg
	UCaNJQXXv58DDXD8wUkf5nZA
	UCSFDsuKsTK-Ny4w-43EUKwA
	UCXTpFs_3PqI41qX2d9tL2Rw
	UCHMu5P-XxyyYJMxg94zg1vA
マール	UC_9nmotxi7FAfiJpo1RKy8A
	UCWFEZL-lhnn0_FAZIQjAEtQ
	UCCebk1_w5oiMUTRxdNJq0s
	UCy5lOmEQoivK5XK7QCaRKug
三枝明那 / Akina Saegusa	UCNW1Ex0r6HsWRD4LCtPwvoQ
	UCSCmu_VjL4RR7rBjrvSAwSg
Roboco Ch. - ロボ子	UCDqI2jOz0weumE8s7paEk6g
	UCf6orT1Y9Mey3L5VXIzHlwQ
	UCDYQVIyIu1RS2iclKYEXzlg
	UCWX2b3xIeJHoiNOPd9nTuKA
	UC0wL48EOsV-l4gGpnfiVoWw
	UC5CXc8Ee-0jKqb0EfbOJHuw
	UCEE00VqUperkcrwYEMHhvgA
	UCRWOdwLRsenx2jLaiCAIU4A
	UCrUKwaTUsXxx3wqpT-1wmFw
	UCi9mODNZY2s-rWAQH-soKuA
	UCWueV72q02od55xENhVrI8g
	UCPf-EnX70UM7jqjKwhDmS8g
	UCl1l3eHVqUTBEEDaRBsKYgw
	UCbwGxIDKW2W39ZNXF4XdD5A
	UCIkifM3QoL2BP2rwYcyetGg
	UCwRKt_raV3N5KZgxcFyC1vw
	UCT-X3FxEf6CATUWjt-hzvVA
	UCKcRcQ47u1iXqtB3ALwLxJA
	UCLGWiPu78SOBqq7qFZ3_RSg
月白の窓	UCkIeR8Re4WPYWgMmrX6IDpQ
	UC1MaFZ4001YJt9cVWbnFo1Q
	UCjHnkFgjwvnFw17QxYmI7fw
	UCs4GryX70IEK3MkLdhDqibg
	UCZuhmmlY4d1jxT7yCAyDvjw
	UCmMs_sVY5peMzGLQvCOfL5Q
	UCqq1EPtYztz9OBUngOlFnqA
	UCzzA8kP7Xu0XNwD3r2Ac4ZA
	UCAr7rLi_Wn09G-XfTA07d4g
	UCHKkjQDOJKBjuaLkuOm5kVA
/ ODDAIオッドアイ	UCMpX1OT8T5iedyBKlnbqrIw
	UC_EGKXv9ySxd5cVRTtcGJaQ
	UCx7S_lynAPVygpuqUWuW5zQ
	UCGQhCTUMrDCW3WcZhQ8359Q
	UCymp2v0KMCVidA4dhjeyPTw
	UCrAq8h6Q3xGxzUC-84YD9PQ
	UC0Gk-oKDc09fo9xMLoE4hqw
	UC2JMXD8btPtvJafM3dawF-Q
	UCvmppcdYf4HOv-tFQhHHJMA
	UCP8fvfb8QoCACOh4JiQR-4w
	UCKMYISTJAQ8xTplUPHiABlA
	UCu5DbFfYe3KiwhcmanCvSVg
あさひちゃん寝る【バーチャルYouTuber】	UCuE6xoui7gZOTUiF0OtWWJw
	UCg_m2ahbG9grCTh05T9kRog
	UCzAxQCoeJrmYkHr0cHfD0Nw
雪汝*setsuna channel	UCfM_A7lE6LkGrzx6_mOtI4g
	UCSoIytEpZbkE4OZR3P4ZvLQ
	UC3-jXrZXv-PQshpaTQpicPQ
	UCvHGccAb-3yc3BywDVAGsEg
	UC8u50rBbSo4_RELk2nl23hw
	UCazHeH8WIalXeib8c9dhYtg
	UCxoLAbr4cPITkCn8jzhLAdQ
	UCVC5HsBChltYjuCeySIFAmg
	UCjCZhDLsl_-AqlR-Kkn_RBg
	UCyLGcqYs7RsBb3L0SJfzGYA
	UCIJygPLhi2cfbnITQFzWviQ
	UC5wZYGzM6hrEggpbbGqlYOA
	UCtXtASDmHqMoSqXtamXa4-Q
	UCEglcysmI63aLNTGXrR9pnA
	UCs4zWdCrlnXmpVkjOgAHs0w
	UCzmKiZrrf3-F6TBV0MRw88g
	UCTzEgqLg0xc7xKBZlT7J7wQ
	UCm_rSqgU2lFfjU1rn-uqbXA
	UCThEzB071JVtZAJP7GK1J5w
	UC2qxMP86cqdqftwJdEe1ABg
メイン垢は移動した!	UClZ4OpReAa_AWF-fFhL_D3A
あさひなちゃんねる	UCwXub3WkpzfoilGS-r-EKsA
	UC7BbrcqC-UIMQizmvpM-DqA
	UCjAfg39UvVdv3e7uiHtIzxQ
	UCnph4_BX3ron_hSTDCDDQ5g
飛鳥ひな【にじさんじ所属】	UCiSRx1a2k-0tOg-fs6gAolQ
	UC6VjNLslXbb6Stl0I2MkQWA
	UCk0dNVAdlgn4ynURwAq_z2A
	UC-CnJoC3l9SSKi6HXS44CNA
笹木咲 / Sasaki Saku	UCoztvTULBYd3WmStqYeoHcA
樋口楓【にじさんじ所属】	UCsg-YqdqQ-KFF0LNk23BY4A
	UCZF1cUKuWlvo_wn--s-21kw
	UCt0F29rrrkOU5Vu2gyYgrBA
	UCgjlhzJcOHXLk2UEKx2s_rg
柊椋[ひいらぎちゃんねる]	UCDNpX2mjQWeFdtsSEhPMDpg
	UC7tqe6FJm7LlYN6N6PnPzQg
	UCYgTqu9nI2ymVzmAUYj31_g
	UC6TyfKcsrPwBsBnx2QobVLQ
	UCZ1gfLNGCol87BTZiQNIdWA
	UC4QxfQSVZg-ecT_wznlDfaw
	UCk-m-OXRVEXUolSWtmY56oA
	UCi9VQPGt9wYTox-WbXURXLw
	UCcegcJA0ijqaZUUyvGtr5xQ
	UCoM_XmK45j504hfUWvN06Qg
	UCyYX1zinaP_J8TZcSe3ruew
	UCaU6TzSBcg__0Aofa_tXiKA
	UChz3edDmO7fah5IliNG2KKg
	UC1suqwovbL1kzsoaZgFZLKg
Yuhi Riri Official	UC48jH1ul-6HOrcSSfoR02fQ
Hinako Channel / 宇森ひなこ 【あにまーれ】	UChqYnJlFxlBi6DfRz6jRenQ
	UCfdgIExr6zPdEo7TgzvBDrA
	UCH0ObmokE-zUOeihkKwWySA
	UC38hCsF3st1pBJBw8JnAu2g
	UClV7gDF9sUzu4jJCK7rCYkQ
	UCg3D8VjVWHO5Co2oauW8deQ
	UCFIui9sGPKMLcu9Fcij9FSQ
	UCvzGlP9oQwU--Y0r9id_jnA
	UCeGOzPAa3BvCFXXLwv9u_fA
鈴谷アキの陽だまりの庭	UCpnvhOIJ6BN-vPkYU9ls-Eg
	UCnMUkJtwFh3yiFA2fB_JWJw
	UCId3JBnegMomeqpmR-MivSQ
	UC-m51QmfolYLWL4rBULK5lg
	UCNWqz-qfa5dRGMCRfFXM_rQ
	UCO4BxlTtmDlkZ5rqxDGcrGw
	UCEp8g4ZYiiDWXq6oLNx01fw
	UCNvRvfBh0Q-usjS1Dv7YEVQ
おばくんちゃんねる	UC2yc9SuTckY3LBzW_llSC7w
	UCLhUvJ_wO9hOvv_yYENu4fQ
	UCyO7wyh07pYJaZk51OV75bA
	UCX7YkU9nEeaoZbkVLVajcMg
	UCzf2VedMkBj_6JT5f8_NPEg
魔族ちゃんねる[游] Gaming	UC5SJKXUJFQkeikkV43uTjmg
バーチャルゴリラ	UC2hA-6M66dE2Tt_4xM8K9wQ
	UCjlmCrq4TP1I4xguOtJ-31w
	UCBX00PjvFhTVnnDAR848O3A
	UC46Vheyn2Wlc65fVGlzfO7A
	UCuSa7XbCQ5MiEIPkZxvTUDQ
	UCnxtSyd3yBD67-TdjyU68Og
	UC２Rr７mILebYLTjd３８DNNUTw
	UC5bVaDqEb73fHvg3saBUCPA
	UC3A5XY2_yk22ZcFKJPqy8mw
あっくん大魔王	UCPH7d3YxfeH56FG-UyPAB1g
	UC8ga9WOtiQw9fWxyEA7S20A
	UCrxrLyFKqeq3fJh-OkrAn5Q
	UCerH0KOGyPaC5WueExiicZQ
Gaming Tanuki	UCjtHXkQbXpQnjlQt9AInI8g
	UCR1vMiGggY5jSDL_eTkXJCA
	UCTqV6u2RJE4DqfLALsGuyAw
	UCKR1ypkrizLHtDjyHdil3Dw
	UCVHykctvqUX1fhARnxv10ZA
	UCW1wmI0fBsQxENwNwH-2adg
戌亥とこ-Inui Toko-【にじさんじ】	UCXRlIK3Cw_TJIQC5kSJJQMg
	UCRV9d6YCYIMUszK-83TwxVA
	UCV7OcoIeP4cJ-Bk_B5_ZQnw
	UCgl2o1EFBphJhEDiMrSWtfw
	UCniXDDy3EUBi8ufn3EAjNGQ
	UC5ILsOVPu0-0ZdGKGoabnSQ
	UCfd70dsHfx0vevwIoUv3zCw
	UClty17aLgqFQ_tZpHLmEYrQ
	UC6gpXa7q5HMznbXZxdnS8og
	UCdyEhrv8hWi2VE4a_DzggNQ
ico通夜の黄泉巡りch	UCGFD_8TRHhlpjfqGhLUSk4g
緑仙channel	UCt5-0i4AVHXaWJrL8Wql3mw
	UC-hM6YJuNYVAmUWxeIr9FeA
	UCveZ9Ic1VtcXbsyaBgxPMvg
	UC0-rH5tBYzginV-lp9NovMg
	UCNA0XC_zxS63d4Q-JMIMyug
	UCK-j1rvGTYiLxi4-KMfZTrQ
	UC-dEENXELAMvTpizF2HE6mw
	UCIWJ_FaWuSc3HhWSSrCgTMg
	UCE5rWcDxLPaaUFWOxzJFfNg
	UC1DCguzShV89OQCL9jISdWw
	UCfBpIBQkIF-zUHHHexUGY3w
	UCGCb4Dts1uYtciya3wvd6dg
Nano Channel	UCHQw1EH-SDlUMugXSbQzQHg
	UC9hfQXw4GsH5LY9St0c707Q
	UCri7Aft0jr2Jd0wIdTft84A
	UCSdExItCszcnIp-roT7b0kw
	UCKCmzBbLaYblLc5SVOX65pQ
	UCPA4WQ2mOddMao09P_PRxPQ
	UCXS_g5Db9SHYg6Won4I13ig
	UCBJK3Acacldm7Yvec055QgQ
Channelタマキ.	UCdnOBt0-J4L843mBKIKxsmg
	UC5u-VD8k8i8xneMtnWet_9Q
	UCDL4ToqwKnOQz3d1wwj4kzg
	UCuz0vzQgC8LRdS6lVV0UkUg
	UC7Ane-OnTHT19wG724EMSTg
	UCpKk-VBmrnhNkM9kglq0jJg
剣持刀也	UCv1fFr156jc65EMiLbaLImw
	UCUzJ90o1EjqUbk2pBAy0_aw
	UCLXxry0HqEz_mzHSsXwrhYg
	UC6vGOlcQ_miCV7c6X9_cX4A
	UCcy3O_PwVTxWXvcJSCHJqJw
	UCXNi96LB5AZcQVHnNGwo96g
舞元啓介	UCJubINhCcFXlsBwnHp0wl_g
	UCvUWlu7YCjCZMnmXSTd4q-A
	UCcqCHOzqi5c0j1tBd0h5j2Q
	UCF-VYfBjb7uupcdELrrB58A
Vuelo	UCyA4IEFl6yZu91GlAKBGNSQ
	UChw8T97m1e1aiu1qwhrPK_g
	UC0P19Xv-120tGGpwN-b-C6Q
	UC0AWdMS6iB6JueIMpQhXrvg
	UCM2SwvNjA0uH8oc5D0ihSDA
	UCmqrvfLMws-GLGHQcB5dasg
	UCJvCDGShDAxcqe-MdwUcJjA
	UCfiK42sBHraMBK6eNWtsy7A
	UCOsoM1Y26DlmVCON4Ng9NNQ
	UCTFIY4icYjaGLmMjke3PzMA
	UCF5_KY0GBDxQyLASpnZ8Y2w
	UC_cCW1xmXwRFp1tX-RD2X1Q
	UCgdMJTrbElcTeOuj_6ilofQ
	UCLQm4N5oAfQHVUGk5rRcDKg
	UCuEYsI0Z8fQy0JJkhjCBvGg
	UCah79hPzP4swVdD9zmIEIoA
	UCxB5p_i_bgPM6q-wk8Y9NJA
	UC2kyQhzGOB-JPgcQX9OMgEw
闇夜乃モルル / Moruru Yamiyono	UCNUgrFCo2Hr_VXc9bEwjcHQ
	UCq6EBsKaFIUpac6fPkGu2PQ
	UCVqIgBYypTt9OuOC-3dyjMA
	UCqayGYJVpwinCerA87NzZhA
	UC65w5LK7XMfcrTNZXXFah_g
	UCFTLzh12_nrtzqBPsTCqenA
	UCp-8cPCziyRz2OXJWBOjsCQ
	UCu0aKD_tvYuhAQff9hCRnxg
	UC0prZIBaP6vsGziz5UsqAog
梔子スイ / Sui Kuchinashi	UCstBOFri42BL70MswRQG3uw
	UCryGmcxRu8mLMHKeGNrhspA
	UCuwpvDAYMV0nV98DQk-W9mQ
	UCwL9u3sSDML_4oD5fHd04fg
森中花咲	UCtpB6Bvhs1Um93ziEDACQ8g
	UCRrJOT-K38VNeS3ukQARIZw
	UCR1muaYGCKohoYSbrTk29Ng
	UCKur-P4WW738uGveQBzYUmA
	UCqTEvChhKAh0fmpACZ0MvsA
	UCSFCh5NL4qXrAy9u-u2lX3g突然天使の如く舞い降りてきた超癒し系男子
	UCdVTARJg-WG86jee3zVP9uA
	UCOygWoFE3pg1QpDsRmxNsMg
	UCoqxBVoCpSo-QVaLm8KGdPQ
	UC5Ws7DgaTKdx_YqJ32C2mkw
バーチャル債務者youtuber天開司	UCZYyhgoV314CM14zBD6vd4A
	UC2NxerohrHjEmPQ0kYngBpQ
	UCpstfCiyxvIbJcx_Gk5q5LQ
	UCTV5pWC4BFLe2qTjq6h8x-Q
	UCN55d91bjQZgokTWcdiUENA
	UCLhRqrcPauOgC6MTRhlOSMQ
	UC2ynPwWTX6JKy37u2RmGk3g
ゆーはむチャンネル	UCWHIyOtByBzVpmYbdncCycw
	UCoZZvM_XSZTUicBQhkCiPtA
	UCqKHtFfBJy-iBJhV1HqsFIQ
	UCa9phFXN-cERA8vYCqPt88w
	UCPlC3Wc9xx_BhRsqVKsvVYw
	UCMeFjJJ-0phOKMEXY2Dr-ag
	UCaq_BEsIHLVvdU6lCKLtipQ
	UC58hIFa6J8zRm3dKg7exQ2Q
	UCrJWg_ZxCzvIT-mzZKsRnNw
	UC2K_2o2jdZPEzninh2lzkpg
	UCNjTjd2-PMC8Oo_-dCEss7A
	UCW5rteuCYXGK5JcLPovsf6Q
	UCUxazE0cXa92LNa-UjqlxDQ
Aqua Ch. 湊あくあ	UC1opHUrw8rvnsadT-iGp7Cg
	UCflNPJUJ4VQh1hGDNK7bsFg
	UCz6Gi81kE6p5cdW1rT0ixqw
海夜叉神/黄泉波咲夜【にじさんじ】	UCqEp6RdtsMbUNrCdCswr6pA
	UC_bmP1Z0yjSQnbj_aFFUCKQ
でびちゃんねる	UCP19rQ5V-46B-6ZeLDJqp5w
	UCYKP16oMX9KKPbrNgo_Kgag
	UCfu3WMxXFihDET9kZV5GKsQ
	UC65uVBk6DQMj-a17jFK0oRg
	UCGcD5iUDG8xiywZeeDxye-A
Uge Channel / 杏戸ゆげ 【ブイアパ】	UC3EhsuKdEkI99TWZwZgWutg
	UCEDmLqbYpMg2cPjVmdbcHdw
しらゆりヘブンちゃんねる	UCl-3q6t6zdZwgIsFZELb7Zg
	UCPLeqi7rIqS9uY4_TrSUOMg
	UCxU9F9sZJdzectps34GuSyA
	UCIisvC3IMPbaYSi_hdMES2Q
	UCAL1SrgCMucj9MUGGyv-h2w
	UCVk5FRMAUsNIvbWSB3sObkw
Kudou_chitose / 久遠千歳	UCP2o-o6u4uX3uq1hXspl0rg
	UCoUyT-RJ9XrvKxfyFgQ4l8A
	UCiqHlJh_i0z3PUadvlcWpEg
皆守ひいろ/ Hero Minamori	UCuGMkxJA_icuiF01u8f3Y2Q
	UCjCpPu8eYSSDUmvOY4Zu_lA
	UC7HljgIDR-1P9mfwbvpbTZA
Kuromu Channel / 稲荷くろむ 【あにまーれ】	UCGiFzwdasSAHILrx-DB1pVQ
	UCdvYw1B1EaOZfgO7-Ir3ORQ
	UCa-SeD_42RAk_-v7n9YSpJw
	UCom8rCUQZP98SIXJzMwjrxw
	UC8Fis5QpIAuliAxKgEVfDLw
	UC6fpdMapULpGpG0psY3setw
	UCZ1WJDkMNiZ_QwHnNrVf7Pw
花畑チャイカ	UCsFn_ueskBkMCEyzCEqAOvg
	UC5mEZb86YXE3blczu-dIRtw
	UC6B5ARoyTKS5S3-mz2WzYig
	UCb74G3Ie0UjLeN33F5r0Yjg
	UCpPuEfqwYbpn7e2jWdQeWew
安土桃	UC6TfqY40Xt1Y0J-N18c85qQ
	UCmE4PWzOmGXz4eoYD_6jZ0g
宇志海いちご	UCmUjjW5zF1MMOhYUwwwQv9Q
	UCuVnOISQ9bbUMjS3Kwz7Z1g
	UCk1qKLPaznd5gnKms-2XHaA
	UCe_jmKfuvBZTFoH-H962xIg
ユキミお姉ちゃんねる	UCwXOUuxUxCJ1yD0JfogUvMg
	UCcs7_qllXT4lkyMbpAHwwSw
	UCYeDQ2W0HutkKOjfjca0i_g
	UCI7cn7LYMeK7-nf1D7srALQ
	UCUo8aHsNE4__8ZUxAmdhqLA
	UCMxKcUjeTEcgHmC9Zzn3R4w
	UCaF-mODqAziHivqg0Q61XK
	UCWCc8tO-uUl_7SJXIKJACMw
	UCMVTOaCMPHYeU4ruC5TbYvQ
	UC2jE2i2lC7ZJQl4tQoIiX7g
	UC7fk0CB07ly8oSl0aqKkqFg
渋谷ハル	UChLfthKoUV502J7gU9STArg
	UCom_G_godSb213pFnsWUQ3Q
	UCOVhPT6O0-0_AopJzyeKFDA
	UCeShTCVgZyq2lsBW9QwIJcw
	UCx1Jf6cFpi0_uUVQc_VO9Wg
	UCBH7v_NCmSux6I-GOvyajJQ
	UCK0K0sa9mzIWGUWT95ywWYg
	UCZ-1WA4SYC6bHcQuCK2ggQQ
	UCrWLOrJLZ6Jb1CASa6RU7sQ
	UCHR0kaG6d7eU1wm17fx9Mvw
	UC0YGmuzCHn9pGdYdry39lhg
	UCejweAEQMm1zHyP5xEOKzVg
	UCMYtONm441rBogWK_xPH9HA
	UCRb4IVckX44UIDzyykek_gA
	UCT7oPK_pbb3qxvmDm-6jsuA
	UCKMmctA8PhYL2Sc6aK5lkbw
	UCfQVs_KuXeNAlGa3fb8rlnQ
	UCkPVMV6rbgfB7FO0IKpsNAg
	UCtXVArSWD1FbCYz4nCgfAXg
	UCXzml6-kkp7RWxFu_gHkIlw
Ruytv	UCjKNVhi5oBR9qmzKVNzV3tg
たかさき咲	UCk4BQkzb4Xe96kEx5RtBb-w
	UCBnJcqkJofBN26VELPXSB5A
	UCw7DlehNC4V3nvf7FTBPv8w
	UCQvh2u7Q27B3cKrx1s70ssQ
	UCUbtiyyCdOMf6Zxwetcp0UQ
O2PAI Game Channel	UCaBJpskufXmLFHEr7I6_UPw
	UCI73A5O-_jLQWoGLokzCIOQ
ピーナッツくん!オシャレになりたい!	UCmgWMQkenFc72QnYkdxdoKA
	UCRXBTd80F5IIWWY4HatJ5Ug
	UCPiXXl1DTch_ZFkmHXt9vMw
	UCo7TRj3cS-f_1D9ZDmuTsjw
	UCKlb4du1kXvGCCQc9A4df8w
	UCXZT-ezVmaLSazjE1Tr_gKA
	UCFDOwDyhBOZz8z2ibuGqFfg
	UCJEpGdadojQ-510MGZe3Y8A
	UCRFDXPGghaPexzgBb_Xm2CQ
	UCk7UMlCJ6dlluad9GLKhHzg
	UCY3TCdBgrBuL4HX6lkiqqPg
	UC8NZiqKx6fsDT3AVcMiVFyA
	UCL9dLCVvHyMiqjp2RDgowqQ
	UCkbN_RyxV_h9fBGrrdnal5w
Akabane Channel	UCBi8YaVyZpiKWN3_Z0dCTfQ
Kohaku Ch / 唯牙コハク【METEO】	UCf6J4I7NwMXtuIU8YZKAjCA
	UCnwSu_izX1OMhzXmOEXVgx
	UCynHwUYnx8V0NJ9_pU-aAsA
	UCT0GhQ7cs_TOIwWoDUhKRbw
	UCnMt4JftD9ckDnLyQI_KjeA
	UCLpYMk5h1bq8_GAFVBgXhPQ
	UCX2Sm8SGWTUOyCizgrzadXA
	UC0Owc36U9lOyi9Gx9Ic-4qg
	UC-rEbtxBcgRCD53DzoLVGPA
	UCendfm780DgZophhZyo6xnQ
	UCyF7bAHEMFT6XjJjJXNaSAg
	UCK_do6Co_mg866sPeP0UTAw
	UCiMG6VdScBabPhJ1ZtaVmbw
	UCf97Z6Ntd1n0LQ3TsUtYNgQ
	UCq_X2kzqQHAZ3JsWEyXFGVA
	UCsFn_ueskBkMCEyzCEqAOvg9
	UC8D-7mgvT8Q5Qp8drUe9Cpw
	UC3iwL9Yz8LcKkJsnLPevOTQ
	UCAp1lINDwapIbNlMO71MqCw
バーチャルYouTuber万楽えね	UCMaXopOC-gQ_NFTkq7esf4w
	UCsHoMIiPTvZFsPLtdLgYNng
	UCLLuaTElO1eRGOo2qc_Rdsw
	UC8JvZ2-fC404ZZbeQcEJ92A
	UC_SmiNnig6GUi2WKQjTG2pw
	UCP9ZgeIJ3Ri9En69R0kJc9Q
	UChAnqc_AY5_I3Px5dig3X1Q
	UCIdEIHpS0TdkqRkHL5OkLtA
	UCTIE7LM5X15NVugV7Krp9Hw
	UCHXgFLFyqR-XqtxfTH3qiYA
	UCUXZ-M7lY737DTqPf6fyp1g
	UCRwXAE6Y8KSZLWOWaoW8evA
	UC5zP25Iu_cN6_B58I3OAkYQ
	UCmGWOsaAKhwWQpDEemW_xWA
	UCL4fRQySQCXL_JXlQtCwN5A
	UC3BkMZP4uFFnWixNcY0lX9A
	UCzx6fGMlb9ujHVbqe0e-n6w
	UCe5IBB9VlcpN9hoN6hDqW_Q
	UCiJr4MX-DrlKgLYC0luCjpQ
	UCcW9pdEAW5YsRD4ZXdH4dRA
ドーラ	UC53UDnhAAYwvNO7j_2Ju1cQ
	UCDCCaUtL7RKySFBKyXdm3cw
マスター TV	UCXzcu59Cbu-hkpNNXnNiKDg
	UC4cwqcZLNNYJW4cQuoM310A
	UC68Zq_QSKmJibIAKGnf8Rig
	UCpBpT_ncJPvhVyKb7wfZz7Q
	UC0QzO6nK1cEDZvJSt2769Zw
	UCF0dpYtHxzJw121skLAb-FQ
	UCOIokvocLvOp4PqSNhRCqeA
	UC5CwaMl1eIgY8h02uZw7u8A
	UCNBfuSbzhxU-9wA6SVut70g
	UCp6993wxpyDPHUpavwDFqgg
	UCKey1k3bMokPT-k66OEV8-g
	UCExYkYjxuTrsPu-Dv3AM8fw
	UCARXmJGXap2HyecGs-GiaKQ
	UCqh86JzGVp2m10iOii2a-jw
	UCcHv8CrBnQn19xhokzNwWFA
	UCUOxt002rJDP4dwk_GZ2mRw
	UCdOiaZl2VRPTDh6UORJcypg
	UChU-HiSDcPA2P1f6U2RsXDA
	UCl3jPsnhZNprn1sqdl8P-mg
	UChUJbHiTVeGrSkTdBzVfNCQ
	UCzqaP9EXCwjotaUZVnan_fw
	UCEvRSdZ1J9vewv6Yp6flTbg
ちゃんねるミリンケーキ	UCS_mpg626rthF0QJYTCjavQ
	UC_lVtbOeDte5VTysBBlDWiA
	UCvBj7v6uknNe7JdS7bE9QvQ
	UCnn-E8kKPKjEJCowTVxgbeQ
	UCcQsrRPk4-o9CmdCWfG9grw
	UCjHTUNWt5Q5KGexXugVISHQ
Shizuka Rin Official	UC6oDys1BGgBsIC3WhG1BovQ
ゲーム部プロジェクト	UC2ZVDmnoZAOdLt7kI7Uaqog
	UCnpL9xSZEFqnjvtt3y4oRYg
	UC3MYnFM50KrwsQLy_ql7qSg
	UCeTqXuRI1zlWkypYIz08WjA
	UCr_Y8X58V5Edpo71_0iOjPA
びっくりちゃん	UCDD4T2dFbN9B9W-SJ-t22Vw
	UCD-miitqNY3nyukJ4Fnf4_A
	UCkkxn2ldlFUMupTlXU8meAw
	UCq1WtiaFXrXvco05oMhelGg
	UCBiqkFJljoxAj10SoP2w2Cg
伏見ガク【にじさんじ所属】	UCXU7YYxy_iQd3ulXyO-zC2w
	UC4Kt5T6HPXgIQov82obONSw
	UCDWYl3W_9NeLDpDax8T4WtA
	UC1CfXB_kRs3C-zaeTG3oGyg
	UCBHmuhUIRNnLaFk2V3T52GQ
	UCvZh2xVmm_x5ycxyppEexiw
	UCNh8KYCS-qMvmCwlDbEoeCw
	UCNRPBCcybdwJtfUVuNVaFYQ
	UCmE8sLhT9d2XScGkwojX30Q
	UCryOPk2GZ1meIDt53tL30Tw
	UCx5QOWzX0t0pr8TM2nzd6UQ
	UCX-X86t7QUPSxc9IGqmrbxg
	UCsVJ_lZm4reYSdd4Xxb4sxw
	UC6terjQNY37EZX6tUH_E1GA
	UCB1s_IdO-r0nUkY2mXeti-A
	UC1EB8moGYdkoZQfWHjh7Ivw
	UCL6B3WVcVHJvU2YSF-i-oUg
	UCkX_1UxB2BcUK13JFDFp5nA
	UCEnzC7Xf80qpHDFpiXF1V1Q
	UC2zuO8mkXTI5l-s6TL7uzuw
	UCQ0UDLQCjY0rmuxCDE38FGg
	UCt9qik4Z-_J-rj3bKKQCeHg
	UC8UHDeG3dggicQdOtmaE1Zg
	UCrhx4PaF3uIo9mDcTxHnmIg
	UCR4H33La4BdesMOMU3fuH2A
	UCi9gdfm7a2nAcirmD_h876g
	UCD8HOxPs4Xvsm8H0ZxXGiBw
	UCbWOVVhSiaXSt8kNeLPukRg
	UCrFSyaUYlL4Owb9aF3RNW8w
	UCnvoQdObCS2VsmciF4LnvYw
	UCXzU-b8I0Y_fhMkLQMYt3vA
アンジュ・カトリーナ - Ange Katrina -	UCHVXbQzkl3rDfsXWo8xi2qw
	UCOXumOju1oSdyHysRfnQAmA
	UCKMYISTJAQ8xTplUPHiABl
	UC7GPk2S1ZOEcOyePBVQ5q2w
	UCvGaQlF9hISC0EodUeY5jcg
	UC6ui7MRCqzYPHR48OrKD3_w
	UCx9-e_Cpk-ljW79fOClSYgw
	UClZ4p8dv8bTMrxjKZl4gOHg
	UCUpysYEAnksyyr1ykN8JBCw
	UCAvgFoTWEisO5Pp7eYVDgEw
	UCZIqq-gTyL3b6MDox033LVA
	UC5Jb_X-y4JcFRcsOrS4Twlg
	UCIr3oRjF8sTKIUdi2Y9-2Wg
	UCxp-_zVZcJBwZzjLt-LwAaQ
	UC_16xBA9jUd6MQkkAlY4PqA
	UCnqDxEcVsvt7WpDy0px1HgA
	UCnwSu_izX1OMhzXmOEXVgxw
	UCYsZmFakurUubfI2f95MoAA
	UC2UP2uUSXgcsGbm8W1sBBog
	UCwokZsOK_uEre70XayaFnzA
	UC3ztWvZT_cOzt46IN79SKwQ
	UCLMC54YctropOupFX8jyz9A
	UCwePpiw1ocZRSNSkpKvVISw
	UCIaC5td9nGG6JeKllWLwFLA
	UC_4SADjnjt22NO-fTFN6prQ
	UCeLzT-7b2PBcunJplmWtoDg
	UCNV41fU_c4IvhrwHhGKSWLA
♥️♠️物述有栖♦️♣️	UCt0clH12Xk1-Ej5PXKGfdPA
	UCqZSYoJjz8EHK8_OdxnRgPQ
	UC3uUvmAEpMb6Pqilssmyksg
	UCY5M1FeR1BQNsnumsJA1epA
	UCevP1FJ45OVUQqTUVuEc60w
	UCPyZvOm2T8s5QGUrmak5Efw
	UCKYPwPHjmgLWrJwkcLhGvNg
	UCBsKDGgP1bs1i9dnqB1esSQ
	UCyd1JtvpkJ_H3tZZzokiHLQ
	UCzGC0OtdXnCnHtylu4hXVzQ
	UCPwSREC85pZ3_ZW1MbEWf9Q
シスター・クレア -SisterClaire-	UC1zFJrfEKvCixhsjNSb1toQ
	UC5072XDe1tfc79CNCJuNMWQ
	UCQ32IIUCfCLv45nx5Aafi8Q
	UCl_Xe5QiIPzscqXiGsYdW4w
	UC0vMj1sGXPc0rcZhEtrPmHg
	UC8qg3HLeHPz0xsN4DWgEhKA
	UC6TJQkRhrjx4TM6M7Imqs7Q
	UCTT44jmy7-pIGKpy-Ih8NyA
紗樹 万咲	UC0MKBVaP7nWM-FZzn81I2aA
	UCTCeWBQlBLEJ9QCnz76Qddw
	UCgFRNARJowqHnI7LNkXndBQ
	UCHBT-XK2obs11icZTlpC3-Q
	UCDdJld3eM5rQ1cgS5891dbw
【にじさんじ】神田笑一	UCWz0CSYCxf4MhRKPDm220AQ
	UC_n3V9K0VoEhGSO9ikOE6pw
	UCxzjHuyG5kd56vMDtUWzKAw
	UC9cBOjHbM8N_1iNZDEfGRxQ
	UCFaDvgez8USXHiKidt0NtZg
	UC81NzT7Ze9pdsi5OWMfakkQ
	UCIM1jeOZkV9h-jfZkXQgIEg
	UCEzvuUxGqPgJ6bQSWuwGsUQ
	UC2srXyML3mHo4_GztZQjcLw
	UCks41vQN-hN-1KHmpZyPY3A
うずら炙リーダー	UCZInPzA6Ij_OYlDIjQtkFGQ
	UCFrH3bfn7gDeV29wrHHM80g
卯月コウ	UC3lNFeJiTq6L3UWoz4g1e-A
	UCmzcjeRE968SSU_jNXN8ZuA
	UCfyuU4kxzyk_0f8X18MLTWw
	UC37QJeT8wHMoZlMasJ7CEbw
	UCjUkEc9oazVLsqegcjXJnEA
	UCXb3_z-tWPw3Pd0J86gy7yw
	UCP0gksnZAHR2DmqTdPRiHpQ
	UCKDHdDpoE9lurDuyAGAuNnw
	UCzhwXcK9DTiY-VqYjwnjZhQ
	UCy4Q8hRvsvE2BfbFWVgIbVA
	UCBNAA4BlXKtDuxCZqRIEPKw
	UCaXf-O9MrnxxKQWYPo3JQow
白梅ちゃんねるぅ	UCSRo2XChF9n0E0ty16zh6Hw
Kuzuha Channel	UCSFCh5NL4qXrAy9u-u2lX3g
	UCHTnX0CSX_KObo5I9WuZ64g
	UCtOot2GI1UAls4g019c3maQ
けんき	UCNicQVuAQJYlCQKEw1TKn1A
	UCZ3ryrdsdqezi2q-AfRw6Rw
	UCgd8v5WlB0wYECY7zGpytJA
はちてん。 チャンネル	UCF9j_BIh3ULTZHsyGdrTn-w
	UCXd6icLhtHeb9T9YA03JX4A
	UCynmjcgMBC8yqI1wo0tFu8w
	UCdn5BQ06XqgXoAxIhbqw5Rg
	UC2ZOyvRmzWLaEigd3k8GE9w
	UC9Szg8cqdpZCCPUfnc_SoZg
	UCbmZa8unWj-rMRDDE2HNprg
	UC--oTE32O37NvGS_4rS2cRg
椎名唯華	UC_4tXjqecqox5Uc05ncxpxg
ベルモンド・バンデラス	UCbc8fwhdUNlqi-J99ISYu4A
	UCoffJjfsXEZ1StnCSer-Kvg
	UCYnB7Y3zFSCBeQp-95C0Gxg
	UC_GCs6GARLxEHxy1w40d6VQ
カラオケ歌っちゃ王	UC1tk9F5-MGXEq4LWnjmrtpA
	UCdWZ8WE1wzwhA8w8G-gjg9w
	UCHccxX2p_9DB_HPnXSb2omw
	UCQlapFeHbCFogzZv34WlJrQ
	UC0XAF9-zlf38gH_fIWHE0-w
	UCp-5t9SrOQwXMU7iIjQfARg
	UCBphlgsEerySW89GheJmluQ
	UCBKxF1PHQtT78ypcVYmBtBA
鷹宮リオン	UCV5ZZlLjk5MKGg3L0n0vbzw
	UCKgndddKiQGIn0-T8jHzndg
	UCUJMLacpivvxsWMuxMRkudA
	UC1iUuVnsTN9KzdAc85Y9JHQ
	UCOhysS0oseNnsrdYBeOABfg
リゼ・ヘルエスタ -Lize Helesta-	UCZ1xuCK1kNmn5RzPYIZop3w
-かんなチャンネル-Kanna Channel	UCfFhyViosklD4kvyO-M0BJA
	UConSUubfgJIaFLxNkt0S2yA
黒井しば【にじさんじの犬】	UCmeyo5pRj_6PXG-CsGUuWWg
	UCo5uTjnUikW0giyrKOIrOQA
	UCGtlmg3euSFTbg44JnZhnbA
	UCDLXHZ72-ccUrUL423TbjdA
	UCConkYb_KpxKBCn2r5RUJqg
	UC8QEgcJgjrJWy4B43aXxsAQ
	UCdzSQbtvVyIkuUo9Nj8F8hw
	UCl338pGmudLqd2ZKy9GvrKA
	UCtj391Z3PBxq2MKq0b1-dxw
くーちゃんねる	UCClO32Y1lZNC2d_45T65TGA
	UCLQ97JVVcpAMFWubiEkkJvA
Fairys Channel	UC2Rr7mILebYLTjd38DNNUTw
	UC38RqoHIIAJaZaYEnBnzLbw
	UCkPIfBOLoO0hVPG-tI2YeGg
ケリン	UCeAfiVvEuyICYJW-f3GnQjQ
	UCpQKbJy06owwSUWXgT0mv2Q
	UCIu-aUArYq_H84dBpCAokMA
	UC2xrDXTlTyxagWiMNWTk6nA
	UCvSvE_joy23uGBlygDvbvPw
	UCDPdK4ftX-GOWrWHtM4UMZw
