D.E.ÊîæÈÄÅÂ±Ä„ÄêÈà¥Êú®Âãù/„Å´„Åò„Åï„Çì„Åò„Äë	UCaF-mODqAziHivqg0Q61XKQ
Ê∏ãË∞∑„Éè„Ç∏„É°„ÅÆ„ÅØ„Åò„ÇÅÊîØÈÉ®	UCeK9HFcRZoTrvqcUCtccMoQ
	UCIGY-zKgFTOwjVCPgexaUoQ
	UCbfv8uuUXt3RSJGEwxny5Rw
	UCU24mD4EG1FcCClr-LwUbkQ
È≠îÁïå„Éé„Çä„Çä„ÇÄ	UC9EjSJ8pvxtvPdxLOElv73w
Áü¢Ëªä„Çä„Å≠ - Rine Yaguruma -	UCvzVB-EYuHFXHZrObB8a_Og
	UCx44b2a1Uy9NqtU86puFRvQ
Kanae Channel	UCspv01oxUFf_MTSipURRhkA
	UCQ7ApdQLT126CCMomI0Jn-Q
	UCXJQy1CifhBme9kOM6eWlGg
Á´úËÉÜ Â∞ä / Rindou Mikoto	UCPvGypSgfDkVe7JG2KygK7A
ÁÄ¨Êà∏ ÁæéÂ§úÂ≠ê - Miyako Seto	UCHK5wkevfaGrPr7j3g56Jmw
	UCbHfw3PD2s4ctvE5fgsIxKg
	UCN5MgS6X8GyMynqKgeTp_gA
	UC_aEa8K-EOJ3D6gOs7HcyNg
	UCCebk1_w5oiMUTRxdNJq0sA
	UC0i4wmkZTG75zXxTHpQZpFg
	UCgV70B9EJ2m15dlinkf-bRQ
	UCOk9jmuNM4z2USwPxoSnyYg
	UCDG8K9g6qo8gX4jCjsqUVzA
Â§¢Êúà„É≠„Ç¢üåñYuzuki Roa	UCCVwhI5trmaSxfcze_Ovzfw
	UCNPu5zXzXvS6pLCCaI5SnSA
Êú¨Èñì„Å≤„Åæ„Çè„Çä - Himawari Honma -	UC0g1AE0DOjBYnLhkgoRWN1w
	UCtAvQ5U0aXyKwm2i4GqFgJg
„Å°„Å≤„Çç„ÉÅ„É£„É≥„Éç„É´	UCLO9QDxVL4bnvRRsz6K4bsQ
	UCc5BawFmb7aNHck7HFtSKvw
	UCw-oHE96lSfazGH6aLi3__g
	UCnzwQFJpRZvec3QgTSLJpKg
	UC5fwtXKwDpgboOud4DbjQTg
	UCaNJQXXv58DDXD8wUkf5nZA
	UCSFDsuKsTK-Ny4w-43EUKwA
	UCWFEZL-lhnn0_FAZIQjAEtQ
	UCCebk1_w5oiMUTRxdNJq0s
	UCy5lOmEQoivK5XK7QCaRKug
‰∏âÊûùÊòéÈÇ£ / Akina Saegusa	UCNW1Ex0r6HsWRD4LCtPwvoQ
	UCSCmu_VjL4RR7rBjrvSAwSg
	UCf6orT1Y9Mey3L5VXIzHlwQ
	UC0wL48EOsV-l4gGpnfiVoWw
	UC5CXc8Ee-0jKqb0EfbOJHuw
	UCEE00VqUperkcrwYEMHhvgA
	UCRWOdwLRsenx2jLaiCAIU4A
	UCi9mODNZY2s-rWAQH-soKuA
	UCWueV72q02od55xENhVrI8g
	UCl1l3eHVqUTBEEDaRBsKYgw
	UCbwGxIDKW2W39ZNXF4XdD5A
	UCIkifM3QoL2BP2rwYcyetGg
	UCwRKt_raV3N5KZgxcFyC1vw
	UCT-X3FxEf6CATUWjt-hzvVA
	UCKcRcQ47u1iXqtB3ALwLxJA
	UCjHnkFgjwvnFw17QxYmI7fw
	UCZuhmmlY4d1jxT7yCAyDvjw
	UCmMs_sVY5peMzGLQvCOfL5Q
	UCqq1EPtYztz9OBUngOlFnqA
	UCAr7rLi_Wn09G-XfTA07d4g
	UC_EGKXv9ySxd5cVRTtcGJaQ
	UCx7S_lynAPVygpuqUWuW5zQ
	UCGQhCTUMrDCW3WcZhQ8359Q
	UCymp2v0KMCVidA4dhjeyPTw
	UCrAq8h6Q3xGxzUC-84YD9PQ
	UC0Gk-oKDc09fo9xMLoE4hqw
	UC2JMXD8btPtvJafM3dawF-Q
	UCvmppcdYf4HOv-tFQhHHJMA
	UCP8fvfb8QoCACOh4JiQR-4w
Á§æÁØâ	UCKMYISTJAQ8xTplUPHiABlA
	UCu5DbFfYe3KiwhcmanCvSVg
	UCg_m2ahbG9grCTh05T9kRog
	UCzAxQCoeJrmYkHr0cHfD0Nw
Èõ™Ê±ù*setsuna channel	UCfM_A7lE6LkGrzx6_mOtI4g
	UCSoIytEpZbkE4OZR3P4ZvLQ
	UCvHGccAb-3yc3BywDVAGsEg
	UC8u50rBbSo4_RELk2nl23hw
	UCxoLAbr4cPITkCn8jzhLAdQ
	UCVC5HsBChltYjuCeySIFAmg
	UCjCZhDLsl_-AqlR-Kkn_RBg
	UC5wZYGzM6hrEggpbbGqlYOA
	UCtXtASDmHqMoSqXtamXa4-Q
	UCs4zWdCrlnXmpVkjOgAHs0w
	UCzmKiZrrf3-F6TBV0MRw88g
	UCm_rSqgU2lFfjU1rn-uqbXA
	UCThEzB071JVtZAJP7GK1J5w
	UC2qxMP86cqdqftwJdEe1ABg
	UC7BbrcqC-UIMQizmvpM-DqA
	UCjAfg39UvVdv3e7uiHtIzxQ
È£õÈ≥•„Å≤„Å™„Äê„Å´„Åò„Åï„Çì„ÅòÊâÄÂ±û„Äë	UCiSRx1a2k-0tOg-fs6gAolQ
	UC6VjNLslXbb6Stl0I2MkQWA
	UC-CnJoC3l9SSKi6HXS44CNA
Á¨πÊú®Âí≤ / Sasaki Saku	UCoztvTULBYd3WmStqYeoHcA
Ê®ãÂè£Ê•ì„Äê„Å´„Åò„Åï„Çì„ÅòÊâÄÂ±û„Äë	UCsg-YqdqQ-KFF0LNk23BY4A
	UCZF1cUKuWlvo_wn--s-21kw
	UCgjlhzJcOHXLk2UEKx2s_rg
	UCYgTqu9nI2ymVzmAUYj31_g
	UC6TyfKcsrPwBsBnx2QobVLQ
	UCZ1gfLNGCol87BTZiQNIdWA
	UC4QxfQSVZg-ecT_wznlDfaw
	UCk-m-OXRVEXUolSWtmY56oA
	UCi9VQPGt9wYTox-WbXURXLw
	UCcegcJA0ijqaZUUyvGtr5xQ
	UCoM_XmK45j504hfUWvN06Qg
	UCaU6TzSBcg__0Aofa_tXiKA
	UChz3edDmO7fah5IliNG2KKg
	UC1suqwovbL1kzsoaZgFZLKg
Yuhi Riri Official	UC48jH1ul-6HOrcSSfoR02fQ
	UCfdgIExr6zPdEo7TgzvBDrA
	UCg3D8VjVWHO5Co2oauW8deQ
	UCeGOzPAa3BvCFXXLwv9u_fA
	UCId3JBnegMomeqpmR-MivSQ
	UC-m51QmfolYLWL4rBULK5lg
	UCNWqz-qfa5dRGMCRfFXM_rQ
	UCEp8g4ZYiiDWXq6oLNx01fw
	UCNvRvfBh0Q-usjS1Dv7YEVQ
	UCLhUvJ_wO9hOvv_yYENu4fQ
	UCyO7wyh07pYJaZk51OV75bA
	UCX7YkU9nEeaoZbkVLVajcMg
	UCzf2VedMkBj_6JT5f8_NPEg
„Åß„Å≥„Åß„Å≥„Éª„Åß„Å≥„Çã	UCjlmCrq4TP1I4xguOtJ-31w
	UCBX00PjvFhTVnnDAR848O3A
	UC46Vheyn2Wlc65fVGlzfO7A
	UCuSa7XbCQ5MiEIPkZxvTUDQ
	UC5bVaDqEb73fHvg3saBUCPA
	UC3A5XY2_yk22ZcFKJPqy8mw
	UC8ga9WOtiQw9fWxyEA7S20A
	UCrxrLyFKqeq3fJh-OkrAn5Q
	UCerH0KOGyPaC5WueExiicZQ
	UCR1vMiGggY5jSDL_eTkXJCA
	UCKR1ypkrizLHtDjyHdil3Dw
	UCVHykctvqUX1fhARnxv10ZA
	UCW1wmI0fBsQxENwNwH-2adg
Êàå‰∫•„Å®„Åì-Inui Toko-„Äê„Å´„Åò„Åï„Çì„Åò„Äë	UCXRlIK3Cw_TJIQC5kSJJQMg
ËΩü ‰∫¨Â≠ê	UCRV9d6YCYIMUszK-83TwxVA
	UCV7OcoIeP4cJ-Bk_B5_ZQnw
	UCgl2o1EFBphJhEDiMrSWtfw
	UCfd70dsHfx0vevwIoUv3zCw
	UClty17aLgqFQ_tZpHLmEYrQ
	UCdyEhrv8hWi2VE4a_DzggNQ
Á∑ë‰ªôchannel	UCt5-0i4AVHXaWJrL8Wql3mw
	UCveZ9Ic1VtcXbsyaBgxPMvg
	UC0-rH5tBYzginV-lp9NovMg
	UCNA0XC_zxS63d4Q-JMIMyug
	UCK-j1rvGTYiLxi4-KMfZTrQ
	UC-dEENXELAMvTpizF2HE6mw
	UCIWJ_FaWuSc3HhWSSrCgTMg
	UC1DCguzShV89OQCL9jISdWw
	UCGCb4Dts1uYtciya3wvd6dg
	UC9hfQXw4GsH5LY9St0c707Q
	UCri7Aft0jr2Jd0wIdTft84A
	UCSdExItCszcnIp-roT7b0kw
	UCKCmzBbLaYblLc5SVOX65pQ
	UCPA4WQ2mOddMao09P_PRxPQ
	UCXS_g5Db9SHYg6Won4I13ig
	UCBJK3Acacldm7Yvec055QgQ
	UCDL4ToqwKnOQz3d1wwj4kzg
ÈÅ†ÂåóÂçÉÂçó / Achikita Chinami „Äê„Å´„Åò„Åï„Çì„Åò„Äë	UCuz0vzQgC8LRdS6lVV0UkUg
	UC7Ane-OnTHT19wG724EMSTg
	UCpKk-VBmrnhNkM9kglq0jJg
Ââ£ÊåÅÂàÄ‰πü	UCv1fFr156jc65EMiLbaLImw
Gilzaren III Season 2	UCUzJ90o1EjqUbk2pBAy0_aw
	UCLXxry0HqEz_mzHSsXwrhYg
	UC6vGOlcQ_miCV7c6X9_cX4A
	UCXNi96LB5AZcQVHnNGwo96g
ËàûÂÖÉÂïì‰ªã	UCJubINhCcFXlsBwnHp0wl_g
	UCvUWlu7YCjCZMnmXSTd4q-A
	UCcqCHOzqi5c0j1tBd0h5j2Q
	UC0AWdMS6iB6JueIMpQhXrvg
	UCM2SwvNjA0uH8oc5D0ihSDA
	UCmqrvfLMws-GLGHQcB5dasg
	UCfiK42sBHraMBK6eNWtsy7A
	UCTFIY4icYjaGLmMjke3PzMA
	UCF5_KY0GBDxQyLASpnZ8Y2w
	UC_cCW1xmXwRFp1tX-RD2X1Q
	UCgdMJTrbElcTeOuj_6ilofQ
	UCLQm4N5oAfQHVUGk5rRcDKg
	UCuEYsI0Z8fQy0JJkhjCBvGg
	UCxB5p_i_bgPM6q-wk8Y9NJA
	UC2kyQhzGOB-JPgcQX9OMgEw
ÈóáÂ§ú‰πÉ„É¢„É´„É´ / Moruru Yamiyono	UCNUgrFCo2Hr_VXc9bEwjcHQ
	UCq6EBsKaFIUpac6fPkGu2PQ
	UC65w5LK7XMfcrTNZXXFah_g
	UCp-8cPCziyRz2OXJWBOjsCQ
	UCu0aKD_tvYuhAQff9hCRnxg
	UC0prZIBaP6vsGziz5UsqAog
	UCuwpvDAYMV0nV98DQk-W9mQ
Ê£Æ‰∏≠Ëä±Âí≤	UCtpB6Bvhs1Um93ziEDACQ8g
	UCRrJOT-K38VNeS3ukQARIZw
	UCKur-P4WW738uGveQBzYUmA
	UCqTEvChhKAh0fmpACZ0MvsA
	UCdVTARJg-WG86jee3zVP9uA
	UCOygWoFE3pg1QpDsRmxNsMg
	UC5Ws7DgaTKdx_YqJ32C2mkw
	UCTV5pWC4BFLe2qTjq6h8x-Q
	UCLhRqrcPauOgC6MTRhlOSMQ
	UCoZZvM_XSZTUicBQhkCiPtA
	UCa9phFXN-cERA8vYCqPt88w
	UCPlC3Wc9xx_BhRsqVKsvVYw
	UCMeFjJJ-0phOKMEXY2Dr-ag
	UCaq_BEsIHLVvdU6lCKLtipQ
	UC58hIFa6J8zRm3dKg7exQ2Q
	UC2K_2o2jdZPEzninh2lzkpg
	UCNjTjd2-PMC8Oo_-dCEss7A
	UCW5rteuCYXGK5JcLPovsf6Q
	UCUxazE0cXa92LNa-UjqlxDQ
	UCz6Gi81kE6p5cdW1rT0ixqw
Êµ∑Â§úÂèâÁ•û/ÈªÑÊ≥âÊ≥¢Âí≤Â§ú„Äê„Å´„Åò„Åï„Çì„Åò„Äë	UCqEp6RdtsMbUNrCdCswr6pA
	UC_bmP1Z0yjSQnbj_aFFUCKQ
„Åß„Å≥„Å°„ÇÉ„Çì„Å≠„Çã	UCP19rQ5V-46B-6ZeLDJqp5w
	UCYKP16oMX9KKPbrNgo_Kgag
	UCfu3WMxXFihDET9kZV5GKsQ
	UC65uVBk6DQMj-a17jFK0oRg
	UCGcD5iUDG8xiywZeeDxye-A
	UCEDmLqbYpMg2cPjVmdbcHdw
	UCPLeqi7rIqS9uY4_TrSUOMg
	UCxU9F9sZJdzectps34GuSyA
	UCIisvC3IMPbaYSi_hdMES2Q
	UCAL1SrgCMucj9MUGGyv-h2w
Kudou_chitose / ‰πÖÈÅ†ÂçÉÊ≠≥	UCP2o-o6u4uX3uq1hXspl0rg
	UCiqHlJh_i0z3PUadvlcWpEg
	UCjCpPu8eYSSDUmvOY4Zu_lA
	UC7HljgIDR-1P9mfwbvpbTZA
	UCdvYw1B1EaOZfgO7-Ir3ORQ
	UCa-SeD_42RAk_-v7n9YSpJw
	UC8Fis5QpIAuliAxKgEVfDLw
	UC6fpdMapULpGpG0psY3setw
	UCZ1WJDkMNiZ_QwHnNrVf7Pw
Ëä±Áïë„ÉÅ„É£„Ç§„Ç´	UCsFn_ueskBkMCEyzCEqAOvg
	UC5mEZb86YXE3blczu-dIRtw
	UCb74G3Ie0UjLeN33F5r0Yjg
	UCpPuEfqwYbpn7e2jWdQeWew
ÂÆâÂúüÊ°É	UC6TfqY40Xt1Y0J-N18c85qQ
	UCmE4PWzOmGXz4eoYD_6jZ0g
ÂÆáÂøóÊµ∑„ÅÑ„Å°„Åî	UCmUjjW5zF1MMOhYUwwwQv9Q
	UCuVnOISQ9bbUMjS3Kwz7Z1g
	UCk1qKLPaznd5gnKms-2XHaA
	UCe_jmKfuvBZTFoH-H962xIg
	UCcs7_qllXT4lkyMbpAHwwSw
	UCYeDQ2W0HutkKOjfjca0i_g
	UCMxKcUjeTEcgHmC9Zzn3R4w
	UCaF-mODqAziHivqg0Q61XK
	UCWCc8tO-uUl_7SJXIKJACMw
	UCMVTOaCMPHYeU4ruC5TbYvQ
	UC2jE2i2lC7ZJQl4tQoIiX7g
	UCeShTCVgZyq2lsBW9QwIJcw
	UCx1Jf6cFpi0_uUVQc_VO9Wg
	UCBH7v_NCmSux6I-GOvyajJQ
	UCK0K0sa9mzIWGUWT95ywWYg
	UCZ-1WA4SYC6bHcQuCK2ggQQ
	UCrWLOrJLZ6Jb1CASa6RU7sQ
	UC0YGmuzCHn9pGdYdry39lhg
	UCMYtONm441rBogWK_xPH9HA
	UCRb4IVckX44UIDzyykek_gA
	UCT7oPK_pbb3qxvmDm-6jsuA
	UCKMmctA8PhYL2Sc6aK5lkbw
Ê°úÂáõÊúà	UCfQVs_KuXeNAlGa3fb8rlnQ
	UCtXVArSWD1FbCYz4nCgfAXg
	UCXzml6-kkp7RWxFu_gHkIlw
	UCw7DlehNC4V3nvf7FTBPv8w
	UCQvh2u7Q27B3cKrx1s70ssQ
	UCUbtiyyCdOMf6Zxwetcp0UQ
	UCI73A5O-_jLQWoGLokzCIOQ
	UCPiXXl1DTch_ZFkmHXt9vMw
	UCo7TRj3cS-f_1D9ZDmuTsjw
	UCJEpGdadojQ-510MGZe3Y8A
	UCk7UMlCJ6dlluad9GLKhHzg
	UCkbN_RyxV_h9fBGrrdnal5w
Akabane Channel	UCBi8YaVyZpiKWN3_Z0dCTfQ
	UCnwSu_izX1OMhzXmOEXVgx
	UCynHwUYnx8V0NJ9_pU-aAsA
	UCT0GhQ7cs_TOIwWoDUhKRbw
	UCnMt4JftD9ckDnLyQI_KjeA
„ÄäIzumoKasumi„ÄãProject channel„Äê„Å´„Åò„Åï„Çì„Åò„Äë	UCLpYMk5h1bq8_GAFVBgXhPQ
	UCX2Sm8SGWTUOyCizgrzadXA
	UCyF7bAHEMFT6XjJjJXNaSAg
	UCK_do6Co_mg866sPeP0UTAw
	UCf97Z6Ntd1n0LQ3TsUtYNgQ
	UCq_X2kzqQHAZ3JsWEyXFGVA
	UC3iwL9Yz8LcKkJsnLPevOTQ
	UCAp1lINDwapIbNlMO71MqCw
	UCsHoMIiPTvZFsPLtdLgYNng
	UCLLuaTElO1eRGOo2qc_Rdsw
	UC8JvZ2-fC404ZZbeQcEJ92A
	UCP9ZgeIJ3Ri9En69R0kJc9Q
	UChAnqc_AY5_I3Px5dig3X1Q
	UCIdEIHpS0TdkqRkHL5OkLtA
	UCTIE7LM5X15NVugV7Krp9Hw
	UCUXZ-M7lY737DTqPf6fyp1g
	UCRwXAE6Y8KSZLWOWaoW8evA
	UC5zP25Iu_cN6_B58I3OAkYQ
	UCmGWOsaAKhwWQpDEemW_xWA
	UC3BkMZP4uFFnWixNcY0lX9A
	UCe5IBB9VlcpN9hoN6hDqW_Q
	UCcW9pdEAW5YsRD4ZXdH4dRA
„Éâ„Éº„É©	UC53UDnhAAYwvNO7j_2Ju1cQ
	UCDCCaUtL7RKySFBKyXdm3cw
	UC4cwqcZLNNYJW4cQuoM310A
	UC68Zq_QSKmJibIAKGnf8Rig
	UCpBpT_ncJPvhVyKb7wfZz7Q
	UC0QzO6nK1cEDZvJSt2769Zw
	UCF0dpYtHxzJw121skLAb-FQ
	UCOIokvocLvOp4PqSNhRCqeA
	UCNBfuSbzhxU-9wA6SVut70g
	UCp6993wxpyDPHUpavwDFqgg
	UCKey1k3bMokPT-k66OEV8-g
	UCExYkYjxuTrsPu-Dv3AM8fw
	UCARXmJGXap2HyecGs-GiaKQ
	UCqh86JzGVp2m10iOii2a-jw
	UCcHv8CrBnQn19xhokzNwWFA
	UChU-HiSDcPA2P1f6U2RsXDA
	UCl3jPsnhZNprn1sqdl8P-mg
„Ç∏„Éß„Éº„ÉªÂäõ‰∏Ä	UChUJbHiTVeGrSkTdBzVfNCQ
	UCzqaP9EXCwjotaUZVnan_fw
	UCEvRSdZ1J9vewv6Yp6flTbg
	UC_lVtbOeDte5VTysBBlDWiA
	UCvBj7v6uknNe7JdS7bE9QvQ
	UCnn-E8kKPKjEJCowTVxgbeQ
	UCcQsrRPk4-o9CmdCWfG9grw
	UCjHTUNWt5Q5KGexXugVISHQ
Shizuka Rin Official	UC6oDys1BGgBsIC3WhG1BovQ
	UCr_Y8X58V5Edpo71_0iOjPA
Êúà„ÉéÁæéÂÖé	UCD-miitqNY3nyukJ4Fnf4_A
	UCkkxn2ldlFUMupTlXU8meAw
	UCBiqkFJljoxAj10SoP2w2Cg
‰ºèË¶ã„Ç¨„ÇØ„Äê„Å´„Åò„Åï„Çì„ÅòÊâÄÂ±û„Äë	UCXU7YYxy_iQd3ulXyO-zC2w
	UC4Kt5T6HPXgIQov82obONSw
	UCDWYl3W_9NeLDpDax8T4WtA
	UC1CfXB_kRs3C-zaeTG3oGyg
	UCBHmuhUIRNnLaFk2V3T52GQ
	UCvZh2xVmm_x5ycxyppEexiw
	UCNRPBCcybdwJtfUVuNVaFYQ
	UCmE8sLhT9d2XScGkwojX30Q
Re‚Ä°D.E.ÊîæÈÄÅÂ±Ä„ÄêÈà¥Êú®Âãù/„Å´„Åò„Åï„Çì„Åò„Äë	UCryOPk2GZ1meIDt53tL30Tw
	UCx5QOWzX0t0pr8TM2nzd6UQ
	UCX-X86t7QUPSxc9IGqmrbxg
	UCsVJ_lZm4reYSdd4Xxb4sxw
	UC6terjQNY37EZX6tUH_E1GA
	UCB1s_IdO-r0nUkY2mXeti-A
	UCL6B3WVcVHJvU2YSF-i-oUg
	UCkX_1UxB2BcUK13JFDFp5nA
	UCEnzC7Xf80qpHDFpiXF1V1Q
	UCR4H33La4BdesMOMU3fuH2A
	UCD8HOxPs4Xvsm8H0ZxXGiBw
	UCbWOVVhSiaXSt8kNeLPukRg
	UCnvoQdObCS2VsmciF4LnvYw
„Ç¢„É≥„Ç∏„É•„Éª„Ç´„Éà„É™„Éº„Éä - Ange Katrina -	UCHVXbQzkl3rDfsXWo8xi2qw
	UCOXumOju1oSdyHysRfnQAmA
	UCKMYISTJAQ8xTplUPHiABl
	UC7GPk2S1ZOEcOyePBVQ5q2w
	UCvGaQlF9hISC0EodUeY5jcg
	UC6ui7MRCqzYPHR48OrKD3_w
	UClZ4p8dv8bTMrxjKZl4gOHg
	UCZIqq-gTyL3b6MDox033LVA
	UC5Jb_X-y4JcFRcsOrS4Twlg
	UCIr3oRjF8sTKIUdi2Y9-2Wg
	UCxp-_zVZcJBwZzjLt-LwAaQ
	UC_16xBA9jUd6MQkkAlY4PqA
	UCnwSu_izX1OMhzXmOEXVgxw
	UCYsZmFakurUubfI2f95MoAA
	UC2UP2uUSXgcsGbm8W1sBBog
Èà¥ÈπøË©©Â≠ê Utako Suzuka	UCwokZsOK_uEre70XayaFnzA
	UC3ztWvZT_cOzt46IN79SKwQ
	UCwePpiw1ocZRSNSkpKvVISw
	UCIaC5td9nGG6JeKllWLwFLA
	UC_4SADjnjt22NO-fTFN6prQ
‚ô•Ô∏è‚ô†Ô∏èÁâ©Ëø∞ÊúâÊ†ñ‚ô¶Ô∏è‚ô£Ô∏è	UCt0clH12Xk1-Ej5PXKGfdPA
	UCqZSYoJjz8EHK8_OdxnRgPQ
	UCevP1FJ45OVUQqTUVuEc60w
	UCPyZvOm2T8s5QGUrmak5Efw
	UCKYPwPHjmgLWrJwkcLhGvNg
	UCBsKDGgP1bs1i9dnqB1esSQ
	UCyd1JtvpkJ_H3tZZzokiHLQ
	UCzGC0OtdXnCnHtylu4hXVzQ
	UCPwSREC85pZ3_ZW1MbEWf9Q
„Ç∑„Çπ„Çø„Éº„Éª„ÇØ„É¨„Ç¢ -SisterClaire-	UC1zFJrfEKvCixhsjNSb1toQ
	UC5072XDe1tfc79CNCJuNMWQ
	UCl_Xe5QiIPzscqXiGsYdW4w
	UC0vMj1sGXPc0rcZhEtrPmHg
	UC8qg3HLeHPz0xsN4DWgEhKA
	UCTCeWBQlBLEJ9QCnz76Qddw
	UCgFRNARJowqHnI7LNkXndBQ
	UCHBT-XK2obs11icZTlpC3-Q
	UCDdJld3eM5rQ1cgS5891dbw
„Äê„Å´„Åò„Åï„Çì„Åò„ÄëÁ•ûÁî∞Á¨ë‰∏Ä	UCWz0CSYCxf4MhRKPDm220AQ
	UC_n3V9K0VoEhGSO9ikOE6pw
	UCFaDvgez8USXHiKidt0NtZg
	UC81NzT7Ze9pdsi5OWMfakkQ
	UCIM1jeOZkV9h-jfZkXQgIEg
	UCEzvuUxGqPgJ6bQSWuwGsUQ
	UC2srXyML3mHo4_GztZQjcLw
	UCks41vQN-hN-1KHmpZyPY3A
	UCFrH3bfn7gDeV29wrHHM80g
ÂçØÊúà„Ç≥„Ç¶	UC3lNFeJiTq6L3UWoz4g1e-A
	UCmzcjeRE968SSU_jNXN8ZuA
	UCfyuU4kxzyk_0f8X18MLTWw
	UC37QJeT8wHMoZlMasJ7CEbw
	UCXb3_z-tWPw3Pd0J86gy7yw
	UCP0gksnZAHR2DmqTdPRiHpQ
	UCy4Q8hRvsvE2BfbFWVgIbVA
	UCBNAA4BlXKtDuxCZqRIEPKw
	UCaXf-O9MrnxxKQWYPo3JQow
Kuzuha Channel	UCSFCh5NL4qXrAy9u-u2lX3g
	UCZ3ryrdsdqezi2q-AfRw6Rw
	UCgd8v5WlB0wYECY7zGpytJA
	UCdn5BQ06XqgXoAxIhbqw5Rg
	UC2ZOyvRmzWLaEigd3k8GE9w
	UC9Szg8cqdpZCCPUfnc_SoZg
	UC--oTE32O37NvGS_4rS2cRg
Ê§éÂêçÂîØËèØ	UC_4tXjqecqox5Uc05ncxpxg
„Éô„É´„É¢„É≥„Éâ„Éª„Éê„É≥„Éá„É©„Çπ	UCbc8fwhdUNlqi-J99ISYu4A
	UCoffJjfsXEZ1StnCSer-Kvg
	UCYnB7Y3zFSCBeQp-95C0Gxg
ÂÆ∂Èï∑„ÇÄ„Åé„Äê„Å´„Åò„Åï„Çì„ÅòÊâÄÂ±û„Äë	UC_GCs6GARLxEHxy1w40d6VQ
	UCHccxX2p_9DB_HPnXSb2omw
	UCQlapFeHbCFogzZv34WlJrQ
	UCp-5t9SrOQwXMU7iIjQfARg
	UCBphlgsEerySW89GheJmluQ
È∑πÂÆÆ„É™„Ç™„É≥	UCV5ZZlLjk5MKGg3L0n0vbzw
	UCKgndddKiQGIn0-T8jHzndg
	UCOhysS0oseNnsrdYBeOABfg
„É™„Çº„Éª„Éò„É´„Ç®„Çπ„Çø -Lize Helesta-	UCZ1xuCK1kNmn5RzPYIZop3w
	UConSUubfgJIaFLxNkt0S2yA
Èªí‰∫ï„Åó„Å∞„Äê„Å´„Åò„Åï„Çì„Åò„ÅÆÁä¨„Äë	UCmeyo5pRj_6PXG-CsGUuWWg
	UCo5uTjnUikW0giyrKOIrOQA
	UCDLXHZ72-ccUrUL423TbjdA
	UCConkYb_KpxKBCn2r5RUJqg
	UC8QEgcJgjrJWy4B43aXxsAQ
	UCdzSQbtvVyIkuUo9Nj8F8hw
	UCl338pGmudLqd2ZKy9GvrKA
	UCtj391Z3PBxq2MKq0b1-dxw
	UCLQ97JVVcpAMFWubiEkkJvA
	UC38RqoHIIAJaZaYEnBnzLbw
	UCpQKbJy06owwSUWXgT0mv2Q
	UCvSvE_joy23uGBlygDvbvPw
