カラオケ歌っちゃ王	UC1tk9F5-MGXEq4LWnjmrtpA	UU1tk9F5-MGXEq4LWnjmrtpA
ノート竹花	UCuPrcSmgo6twlAQzwYPlSkQ	UUuPrcSmgo6twlAQzwYPlSkQ
NoCopyrightSounds	UC_aEa8K-EOJ3D6gOs7HcyNg	UU_aEa8K-EOJ3D6gOs7HcyNg
J-POPカラオケ制作室	UC0i4wmkZTG75zXxTHpQZpFg	UU0i4wmkZTG75zXxTHpQZpFg
ハイカラサウンド	UCFIAtyXz7XgNND_2GlE6t3A	UUFIAtyXz7XgNND_2GlE6t3A
アニソンカラオケ制作室:野田工房	UCIePNTYsCYSd3o13zXKLOrg	UUIePNTYsCYSd3o13zXKLOrg
Apple Gaming	UCXNi96LB5AZcQVHnNGwo96g	UUXNi96LB5AZcQVHnNGwo96g
ぼくらは新世界で旅をする	UC0prZIBaP6vsGziz5UsqAog	UU0prZIBaP6vsGziz5UsqAog
ラケットハウスキング	UCdVTARJg-WG86jee3zVP9uA	UUdVTARJg-WG86jee3zVP9uA
新三國志	UCb74G3Ie0UjLeN33F5r0Yjg	UUb74G3Ie0UjLeN33F5r0Yjg
Fate Games	UCmE4PWzOmGXz4eoYD_6jZ0g	UUmE4PWzOmGXz4eoYD_6jZ0g
カラオケ再現所@KEISUKEO.	UCUo8aHsNE4__8ZUxAmdhqLA	UUUo8aHsNE4__8ZUxAmdhqLA
カラオケのミカタ Instruments Assistant	UC3BkMZP4uFFnWixNcY0lX9A	UU3BkMZP4uFFnWixNcY0lX9A
蛇足の兄貴	UCcW9pdEAW5YsRD4ZXdH4dRA	UUcW9pdEAW5YsRD4ZXdH4dRA
edword records	UC2UP2uUSXgcsGbm8W1sBBog	UU2UP2uUSXgcsGbm8W1sBBog
JPOP Karaoke カラオケ	UCTT44jmy7-pIGKpy-Ih8NyA	UUTT44jmy7-pIGKpy-Ih8NyA
逆転オセロニア公式ちゃんねる	UC2srXyML3mHo4_GztZQjcLw	UU2srXyML3mHo4_GztZQjcLw
生音風カラオケと伴奏屋さん	UCZ3ryrdsdqezi2q-AfRw6Rw	UUZ3ryrdsdqezi2q-AfRw6Rw
PUBG JAPAN SERIES【DMMGAMES】	UCgd8v5WlB0wYECY7zGpytJA	UUgd8v5WlB0wYECY7zGpytJA
Electro-Light	UConSUubfgJIaFLxNkt0S2yA	UUonSUubfgJIaFLxNkt0S2yA
きんち	UCLjXFtPkrdjwpuwdlqBtsHQ	UULjXFtPkrdjwpuwdlqBtsHQ
桜羽しおん	UCYeXE77sQ_QDmcpRRD_xCSw	
(deleted)	UCEOWxJCx_wPq-LsJB_QXL9A	
梨蘭u.	UC8q3gFOeMSxulwKagM5LLAA	UU8q3gFOeMSxulwKagM5LLAA
来栖ミント	UCLvpHuOX6_upHNSFsgLuxHg
先端恐怖症 / Sentan	UCtYSNR3w7_31Kx76e9XmVEw	PL9NOd3HQNX5b_bZWe0zEQjU-izxoPnUms
