月ノ美兎	UCD-miitqNY3nyukJ4Fnf4_A	UUD-miitqNY3nyukJ4Fnf4_A	https://yt3.ggpht.com/a/AGF-l7-_h5zNb12kC6RvqaIeU4D76RSvNkZiys12VQ=s240-mo-c-c0xffffffff-rj-k-no
Shizuka Rin Official	UC6oDys1BGgBsIC3WhG1BovQ	UU6oDys1BGgBsIC3WhG1BovQ	https://yt3.ggpht.com/a/AGF-l79T78V0-9yOApYDZHpHN7A5Fke0uJiTcEJWAg=s240-mo-c-c0xffffffff-rj-k-no
樋口楓【にじさんじ所属】	UCsg-YqdqQ-KFF0LNk23BY4A	UUsg-YqdqQ-KFF0LNk23BY4A	https://yt3.ggpht.com/a/AGF-l7-OQI7tY9x5HmzP4nLXKyjsgjCatrfwnLWsDg=s240-mo-c-c0xffffffff-rj-k-no
本間ひまわり - Himawari Honma -	UC0g1AE0DOjBYnLhkgoRWN1w	UU0g1AE0DOjBYnLhkgoRWN1w	https://yt3.ggpht.com/a/AGF-l7-YR3ZppjnCTwbgTvuZcPH6pXVfoRUlUXVZ=s240-mo-c-c0xffffffff-rj-k-no
椎名唯華	UC_4tXjqecqox5Uc05ncxpxg	UU_4tXjqecqox5Uc05ncxpxg	https://yt3.ggpht.com/a/AGF-l7_ElOeLPWELh-w_O_LNx4MV1O_MM3pH7XNqFg=s240-mo-c-c0xffffffff-rj-k-no
鈴鹿詩子 Utako Suzuka	UCwokZsOK_uEre70XayaFnzA	UUwokZsOK_uEre70XayaFnzA	https://yt3.ggpht.com/a/AGF-l79FVhOlqpIAgv94IbSVMRFw7inrg6WF1DPcrQ=s240-mo-c-c0xffffffff-rj-k-no
笹木咲 / Sasaki Saku	UCoztvTULBYd3WmStqYeoHcA	UUoztvTULBYd3WmStqYeoHcA	https://yt3.ggpht.com/a/AGF-l79Vb9rz5ACtGW1YTCpnj5XFlqpwT6q1-SD7=s240-mo-c-c0xffffffff-rj-k-no
♥️♠️物述有栖♦️♣️	UCt0clH12Xk1-Ej5PXKGfdPA	UUt0clH12Xk1-Ej5PXKGfdPA	https://yt3.ggpht.com/a/AGF-l7_OXxl-HOWIQaxDv8KNbYNQOWl6lu0hBflqnw=s240-mo-c-c0xffffffff-rj-k-no
シスター・クレア -SisterClaire-	UC1zFJrfEKvCixhsjNSb1toQ	UU1zFJrfEKvCixhsjNSb1toQ	https://yt3.ggpht.com/a/AGF-l78y7eBRq0GSwxGNZXOaXyAwTLT-BxoK5ohpqw=s240-mo-c-c0xffffffff-rj-k-no
エルフのえる / にじさんじ所属	UCYKP16oMX9KKPbrNgo_Kgag	UUYKP16oMX9KKPbrNgo_Kgag	https://yt3.ggpht.com/a/AGF-l7_AQCRUteV-qi7_TTquMFXOi4wf_CotKkpDRQ=s240-mo-c-c0xffffffff-rj-k-no
剣持刀也	UCv1fFr156jc65EMiLbaLImw	UUv1fFr156jc65EMiLbaLImw	https://yt3.ggpht.com/a/AGF-l78JwRlRIlR82frAXYbjZ_a6yHSj8njkMMBQvA=s240-mo-c-c0xffffffff-rj-k-no
Kanae Channel	UCspv01oxUFf_MTSipURRhkA	UUspv01oxUFf_MTSipURRhkA	https://yt3.ggpht.com/a/AGF-l7_F1Nm7zCNWWmeQM2gunrs46MdudkohaXv0Bg=s240-mo-c-c0xffffffff-rj-k-no
ちひろチャンネル	UCLO9QDxVL4bnvRRsz6K4bsQ	UULO9QDxVL4bnvRRsz6K4bsQ	https://yt3.ggpht.com/a/AGF-l78XVY6iapZNwq26ipDHk4eLu3kBys3nIl8c1w=s240-mo-c-c0xffffffff-rj-k-no
竜胆 尊 / Rindou Mikoto	UCPvGypSgfDkVe7JG2KygK7A	UUPvGypSgfDkVe7JG2KygK7A	https://yt3.ggpht.com/a/AGF-l7-vJk9vwuWozWErKkcbyJntlVUyq7O5QSR8Eg=s240-mo-c-c0xffffffff-rj-k-no
緑仙channel	UCt5-0i4AVHXaWJrL8Wql3mw	UUt5-0i4AVHXaWJrL8Wql3mw	https://yt3.ggpht.com/a/AGF-l7-fHgYkFvGTK5Ts-9YHhADdKaG6krCWL910oA=s240-mo-c-c0xffffffff-rj-k-no
家長むぎ【にじさんじ所属】	UC_GCs6GARLxEHxy1w40d6VQ	UU_GCs6GARLxEHxy1w40d6VQ	https://yt3.ggpht.com/a/AGF-l7-zIf7VFqw2EDC3l7y_UpaxfdrAu-YEQcRGJA=s240-mo-c-c0xffffffff-rj-k-no
夢月ロア🌖Yuzuki Roa	UCCVwhI5trmaSxfcze_Ovzfw	UUCVwhI5trmaSxfcze_Ovzfw	https://yt3.ggpht.com/a/AGF-l79gkgR05I6pSCM2VQUZfalk4YV0WemNwfXGzg=s240-mo-c-c0xffffffff-rj-k-no
宇志海いちご	UCmUjjW5zF1MMOhYUwwwQv9Q	UUmUjjW5zF1MMOhYUwwwQv9Q	https://yt3.ggpht.com/a/AGF-l78PzRxSDQxi2jCtQxYT4-3GMelm5z6ydptlvw=s240-mo-c-c0xffffffff-rj-k-no
森中花咲	UCtpB6Bvhs1Um93ziEDACQ8g	UUtpB6Bvhs1Um93ziEDACQ8g	https://yt3.ggpht.com/a/AGF-l7-uPpMX0WRu64RHt2j3xPajkRteDGLuDWFR3A=s240-mo-c-c0xffffffff-rj-k-no
Kuzuha Channel	UCSFCh5NL4qXrAy9u-u2lX3g	UUSFCh5NL4qXrAy9u-u2lX3g	https://yt3.ggpht.com/a/AGF-l7-HFAksxujKK1d-wpknr9W3aXEFBnzFLjXjmQ=s240-mo-c-c0xffffffff-rj-k-no
鷹宮リオン	UCV5ZZlLjk5MKGg3L0n0vbzw	UUV5ZZlLjk5MKGg3L0n0vbzw	https://yt3.ggpht.com/a/AGF-l78hx6ii25kXsCTWBDWaHvlYNPk44NzKdDnIkQ=s240-mo-c-c0xffffffff-rj-k-no
ドーラ	UC53UDnhAAYwvNO7j_2Ju1cQ	UU53UDnhAAYwvNO7j_2Ju1cQ	https://yt3.ggpht.com/a/AGF-l7_rmtymgg66IzyXcNx4NcBctFs_s6OtFV4YCg=s240-mo-c-c0xffffffff-rj-k-no
ベルモンド・バンデラス	UCbc8fwhdUNlqi-J99ISYu4A	UUbc8fwhdUNlqi-J99ISYu4A	https://yt3.ggpht.com/a/AGF-l79zbc_ymqkoY-GBKHyFDG8mtQwWk7p_CYW-Hg=s240-mo-c-c0xffffffff-rj-k-no
《にじさんじ所属の女神》モイラ	UCvmppcdYf4HOv-tFQhHHJMA	UUvmppcdYf4HOv-tFQhHHJMA	https://yt3.ggpht.com/a/AGF-l7-qUv-puWNfCl4p5PeXflEYeTO79ZrAdX3Q=s240-mo-c-c0xffffffff-rj-k-no
社築	UCKMYISTJAQ8xTplUPHiABlA	UUKMYISTJAQ8xTplUPHiABlA	https://yt3.ggpht.com/a/AGF-l78UdWk_9gZGnCkMgHr_O_R1M1raW5gSvXMH_w=s240-mo-c-c0xffffffff-rj-k-no
【3年0組】郡道美玲の教室	UCeShTCVgZyq2lsBW9QwIJcw	UUeShTCVgZyq2lsBW9QwIJcw	https://yt3.ggpht.com/a/AGF-l7-3D5YDtJI5QrNX1YZrmoITlUIRqrLHF0IJaQ=s240-mo-c-c0xffffffff-rj-k-no
ジョー・力一	UChUJbHiTVeGrSkTdBzVfNCQ	UUhUJbHiTVeGrSkTdBzVfNCQ	https://yt3.ggpht.com/a/AGF-l79CTnTrMPJupy09_b8EeDmYN5F76pcqe2Ryew=s240-mo-c-c0xffffffff-rj-k-no
御伽原 江良 / Otogibara Era【にじさんじ】	UCwQ9Uv-m8xkE5PzRc7Bqx3Q	UUwQ9Uv-m8xkE5PzRc7Bqx3Q	https://yt3.ggpht.com/a/AGF-l78nQ16SBsVIzTeummMtgtJRdNddR-v_Qs_rfQ=s240-mo-c-c0xffffffff-rj-k-no
Kudou_chitose / 久遠千歳	UCP2o-o6u4uX3uq1hXspl0rg	UUP2o-o6u4uX3uq1hXspl0rg	https://yt3.ggpht.com/a/AGF-l78e7Ho5j0J3rqCbvEIcvjE95vVUS0ac6Gby6g=s240-mo-c-c0xffffffff-rj-k-no
闇夜乃モルル / Moruru Yamiyono	UCNUgrFCo2Hr_VXc9bEwjcHQ	UUNUgrFCo2Hr_VXc9bEwjcHQ	https://yt3.ggpht.com/a/AGF-l7-yxdqI6REWP9D2Wig0uce5-WAtnsChIQj3YQ=s240-mo-c-c0xffffffff-rj-k-no
Akabane Channel	UCBi8YaVyZpiKWN3_Z0dCTfQ	UUBi8YaVyZpiKWN3_Z0dCTfQ	https://yt3.ggpht.com/a/AGF-l79gadShrMVOeZevaBkL5IKmyx_7sRfxl_kjkQ=s240-mo-c-c0xffffffff-rj-k-no
花畑チャイカ	UCsFn_ueskBkMCEyzCEqAOvg	UUsFn_ueskBkMCEyzCEqAOvg	https://yt3.ggpht.com/a/AGF-l7-c1NWuEQRgBfgryqZmRH-9g7RITGgnQouaNQ=s240-mo-c-c0xffffffff-rj-k-no
雪汝*setsuna channel	UCfM_A7lE6LkGrzx6_mOtI4g	UUfM_A7lE6LkGrzx6_mOtI4g	https://yt3.ggpht.com/a/AGF-l79mnH4T3UwkDtB7ZWSZWmqHBTAi9_x7mKullg=s240-mo-c-c0xffffffff-rj-k-no
舞元啓介	UCJubINhCcFXlsBwnHp0wl_g	UUJubINhCcFXlsBwnHp0wl_g	https://yt3.ggpht.com/a/AGF-l7_rPWdBeEN4wNmK9g52VRvDm1BSXGlSiaEwPw=s240-mo-c-c0xffffffff-rj-k-no
童田明治-わらべだめいじー-	UCveZ9Ic1VtcXbsyaBgxPMvg	UUveZ9Ic1VtcXbsyaBgxPMvg	https://yt3.ggpht.com/a/AGF-l7-ZI26nfpyT5RpePovfIqJ7uoqhPFTiLC0OMQ=s240-mo-c-c0xffffffff-rj-k-no
鈴谷アキの陽だまりの庭	UCpnvhOIJ6BN-vPkYU9ls-Eg	UUpnvhOIJ6BN-vPkYU9ls-Eg	https://yt3.ggpht.com/a/AGF-l7-hRtES9KWosuUDU7blqQ-cN_qN1pM1GxPj3w=s240-mo-c-c0xffffffff-rj-k-no
魔界ノりりむ	UC9EjSJ8pvxtvPdxLOElv73w	UU9EjSJ8pvxtvPdxLOElv73w	https://yt3.ggpht.com/a/AGF-l797RqHjbIVZqnqiIZRNzRdoctiw1PPh10A7LA=s240-mo-c-c0xffffffff-rj-k-no
Yuhi Riri Official	UC48jH1ul-6HOrcSSfoR02fQ	UU48jH1ul-6HOrcSSfoR02fQ	https://yt3.ggpht.com/a/AGF-l7_XeICb6sZ0keumRyeoLyUTOJydQQCgfEBrYw=s240-mo-c-c0xffffffff-rj-k-no
リゼ・ヘルエスタ -Lize Helesta-	UCZ1xuCK1kNmn5RzPYIZop3w	UUZ1xuCK1kNmn5RzPYIZop3w	https://yt3.ggpht.com/a/AGF-l78Dn33A7SSQksXgT6zB0_k2f2ysEz0-_ZOthw=s240-mo-c-c0xffffffff-rj-k-no
アンジュ・カトリーナ - Ange Katrina -	UCHVXbQzkl3rDfsXWo8xi2qw	UUHVXbQzkl3rDfsXWo8xi2qw	https://yt3.ggpht.com/a/AGF-l7_YXF9WTW_qVXelYeFXTr5jAMP3jqZjSAKi3A=s240-mo-c-c0xffffffff-rj-k-no
黒井しば【にじさんじの犬】	UCmeyo5pRj_6PXG-CsGUuWWg	UUmeyo5pRj_6PXG-CsGUuWWg	https://yt3.ggpht.com/a/AGF-l7_rTF5ICrnh3rObRriyQAREWpv2e6WusYFHdg=s240-mo-c-c0xffffffff-rj-k-no
でびでび・でびる	UCjlmCrq4TP1I4xguOtJ-31w	UUjlmCrq4TP1I4xguOtJ-31w	https://yt3.ggpht.com/a/AGF-l7-NOLCfp1v_PxvXY1WMNGLuMxR59JIpMUnhgQ=s240-mo-c-c0xffffffff-rj-k-no
伏見ガク【にじさんじ所属】	UCXU7YYxy_iQd3ulXyO-zC2w	UUXU7YYxy_iQd3ulXyO-zC2w	https://yt3.ggpht.com/a/AGF-l79L9G_1H0fhygKpcAYW_1InzEwynT7uUTNUNw=s240-mo-c-c0xffffffff-rj-k-no
渋谷ハジメのはじめ支部	UCeK9HFcRZoTrvqcUCtccMoQ	UUeK9HFcRZoTrvqcUCtccMoQ	https://yt3.ggpht.com/a/AGF-l78NqiqZmVyPMRRySCKTBTzScI39xTeTYXCbYw=s240-mo-c-c0xffffffff-rj-k-no
卯月コウ	UC3lNFeJiTq6L3UWoz4g1e-A	UU3lNFeJiTq6L3UWoz4g1e-A	https://yt3.ggpht.com/a/AGF-l78O3ZBZy7Z6Xvunp0VRixWSPFEP9pMUhkBODQ=s240-mo-c-c0xffffffff-rj-k-no
戌亥とこ-Inui Toko-【にじさんじ】	UCXRlIK3Cw_TJIQC5kSJJQMg	UUXRlIK3Cw_TJIQC5kSJJQMg	https://yt3.ggpht.com/a/AGF-l7-fE2Mhle5lvjeQCxr8ZEtufNkDuCRAg5LSkA=s240-mo-c-c0xffffffff-rj-k-no
文野環【にじさんじの野良猫】ふみのたまき	UCBiqkFJljoxAj10SoP2w2Cg	UUBiqkFJljoxAj10SoP2w2Cg	https://yt3.ggpht.com/a/AGF-l78fDoNKN7Nou7ZZCl25plZxZ6UZb2bMEhfQpg=s240-mo-c-c0xffffffff-rj-k-no
雨森小夜	UCRWOdwLRsenx2jLaiCAIU4A	UURWOdwLRsenx2jLaiCAIU4A	https://yt3.ggpht.com/a/AGF-l79eOdM-7T5y9OCTQirBBF7AKR5WWxs46HBcPg=s240-mo-c-c0xffffffff-rj-k-no
Gilzaren III Season 2	UCUzJ90o1EjqUbk2pBAy0_aw	UUUzJ90o1EjqUbk2pBAy0_aw	https://yt3.ggpht.com/a/AGF-l79lRnEXQg0IPGXkJxx2TyqcjVeVTqwGZdsWwA=s240-mo-c-c0xffffffff-rj-k-no
夢追翔のJUKE BOX	UCTIE7LM5X15NVugV7Krp9Hw	UUTIE7LM5X15NVugV7Krp9Hw	https://yt3.ggpht.com/a/AGF-l794QDYOeL_FbljZU73cJWxKLj8ZJHn7hvfoAQ=s240-mo-c-c0xffffffff-rj-k-no
町田ちま【にじさんじ】	UCo7TRj3cS-f_1D9ZDmuTsjw	UUo7TRj3cS-f_1D9ZDmuTsjw	https://yt3.ggpht.com/a/AGF-l79eDWXTPZe2Enw2hBvZi-qsB7qiL1UbdUJOkQ=s240-mo-c-c0xffffffff-rj-k-no
名伽尾アズマ☀️	UCks41vQN-hN-1KHmpZyPY3A	UUks41vQN-hN-1KHmpZyPY3A	https://yt3.ggpht.com/a/AGF-l78JNhbPlaslu0rp0RivDt2Tq7UUpyMWlKS6xg=s240-mo-c-c0xffffffff-rj-k-no
《IzumoKasumi》Project channel【にじさんじ】	UCLpYMk5h1bq8_GAFVBgXhPQ	UULpYMk5h1bq8_GAFVBgXhPQ	https://yt3.ggpht.com/a/AGF-l7-Gi7zFBt1gXe9Sl4rNF_osWMVGNZKASCG4hw=s240-mo-c-c0xffffffff-rj-k-no
桜凛月	UCfQVs_KuXeNAlGa3fb8rlnQ	UUfQVs_KuXeNAlGa3fb8rlnQ	https://yt3.ggpht.com/a/AGF-l797yMpOSt808Cx6bS4B1V7oz_HvB30hIe02iA=s240-mo-c-c0xffffffff-rj-k-no
轟 京子	UCRV9d6YCYIMUszK-83TwxVA	UURV9d6YCYIMUszK-83TwxVA	https://yt3.ggpht.com/a/AGF-l79FqXiIjgQn-IaS6lTkIjONltnsG52yvV42tg=s240-mo-c-c0xffffffff-rj-k-no
遠北千南 / Achikita Chinami 【にじさんじ】	UCuz0vzQgC8LRdS6lVV0UkUg	UUuz0vzQgC8LRdS6lVV0UkUg	https://yt3.ggpht.com/a/AGF-l7-20CGdX9MeEm0ZE3zmj4t9f4J9MtSpYFBRfQ=s240-mo-c-c0xffffffff-rj-k-no
八朔ゆず【にじさんじ】	UCFaDvgez8USXHiKidt0NtZg	UUFaDvgez8USXHiKidt0NtZg	https://yt3.ggpht.com/a/AGF-l7-wdElrl6fRY1S7tPNTIjNDw7C_MZWikUoKLw=s240-mo-c-c0xffffffff-rj-k-no
【にじさんじ】神田笑一	UCWz0CSYCxf4MhRKPDm220AQ	UUWz0CSYCxf4MhRKPDm220AQ	https://yt3.ggpht.com/a/AGF-l7-kqCPPlwKw7hMqdrprdBs6eBcLATjbleYUvw=s240-mo-c-c0xffffffff-rj-k-no
安土桃	UC6TfqY40Xt1Y0J-N18c85qQ	UU6TfqY40Xt1Y0J-N18c85qQ	https://yt3.ggpht.com/a/AGF-l7-2cdwsQelHighTZd2Y5YPokTByjA5sMmOSgQ=s240-mo-c-c0xffffffff-rj-k-no
愛園 愛美/Aizono Manami	UC0WwEfE-jOM2rzjpdfhTzZA	UU0WwEfE-jOM2rzjpdfhTzZA	https://yt3.ggpht.com/a/AGF-l7_3F7Uk9fEIwXPZe3h5doe-dNWN9usImrDi=s240-mo-c-c0xffffffff-rj-k-no
飛鳥ひな【にじさんじ所属】	UCiSRx1a2k-0tOg-fs6gAolQ	UUiSRx1a2k-0tOg-fs6gAolQ	https://yt3.ggpht.com/a/AGF-l780SqNJnUtUmRCu8Cg4PIdEBzO9b1VIJ0XDcQ=s240-mo-c-c0xffffffff-rj-k-no
雪城眞尋/Yukishiro Mahiro【にじさんじ所属】	UCHX7YpFG8rVwhsHCx34xt7w	UUHX7YpFG8rVwhsHCx34xt7w	https://yt3.ggpht.com/a/AGF-l7-UNyEmD0j83USGZgfmop0lR5u1e_bVc087vw=s240-mo-c-c0xffffffff-rj-k-no
語部紡	UCufQu4q65z63IgE4cfKs1BQ	UUufQu4q65z63IgE4cfKs1BQ	https://yt3.ggpht.com/a/AGF-l78ggB9iLl_21ly3G-vNHwgO1RNLc81t64FvDw=s240-mo-c-c0xffffffff-rj-k-no
Re‡D.E.放送局【鈴木勝/にじさんじ】	UCryOPk2GZ1meIDt53tL30Tw	UUryOPk2GZ1meIDt53tL30Tw	https://yt3.ggpht.com/a/AGF-l78pLdqlQSov5ioYOTeV9gDvSXphNDTEj26Dig=s240-mo-c-c0xffffffff-rj-k-no
瀬戸 美夜子 - Miyako Seto	UCHK5wkevfaGrPr7j3g56Jmw	UUHK5wkevfaGrPr7j3g56Jmw	https://yt3.ggpht.com/a/AGF-l78dJU97tROjJS_kUBPEooRb0dndVzhX6Xp_LA=s240-mo-c-c0xffffffff-rj-k-no
小野町 春香 Onomachi Haruka にじさんじ	UCg63a3lk6PNeWhVvMRM_mrQ	UUg63a3lk6PNeWhVvMRM_mrQ	https://yt3.ggpht.com/a/AGF-l7-ICBzdKCrBbqi_Py88NMhSs9vYWl90D2wrZA=s240-mo-c-c0xffffffff-rj-k-no
三枝明那 / Akina Saegusa	UCNW1Ex0r6HsWRD4LCtPwvoQ	UUNW1Ex0r6HsWRD4LCtPwvoQ	https://yt3.ggpht.com/a/AGF-l78SwKo2lclKWwVhY4YGVY59ajwkLUMZMDBHjA=s240-mo-c-c0xffffffff-rj-k-no
鈴原るる【にじさんじ所属】	UC_a1ZYZ8ZTXpjg9xUY9sj8w	UU_a1ZYZ8ZTXpjg9xUY9sj8w	https://yt3.ggpht.com/a/AGF-l7-3Dcc3AuL3_FXsiBFgOOBTuL8XUiYIWebhOA=s240-mo-c-c0xffffffff-rj-k-no
矢車りね - Rine Yaguruma -	UCvzVB-EYuHFXHZrObB8a_Og	UUvzVB-EYuHFXHZrObB8a_Og	https://yt3.ggpht.com/a/AGF-l78MAo5uxC404H_Bz9KaWB55NEEtlHuvcj-VXQ=s240-mo-c-c0xffffffff-rj-k-no
春崎エアル	UCtAvQ5U0aXyKwm2i4GqFgJg	UUtAvQ5U0aXyKwm2i4GqFgJg	https://yt3.ggpht.com/a/AGF-l7_pnHKx_lioPtmWeHGMW_yRsoKXg8CUQ-OdBA=s240-mo-c-c0xffffffff-rj-k-no
月見しずく	UCqQV8xEBWd5SVZBLlYrS_5Q	UUqQV8xEBWd5SVZBLlYrS_5Q	https://yt3.ggpht.com/a/AGF-l794vAmgqLTddxhULGtXRw0ucgOECZoacf852g=s240-mo-c-c0xffffffff-rj-k-no
成瀬 鳴	UCoM_XmK45j504hfUWvN06Qg	UUoM_XmK45j504hfUWvN06Qg	https://yt3.ggpht.com/a/AGF-l78KCnkQR-3hiGr8RLS5sLU075UDyCwXms3liA=s240-mo-c-c0xffffffff-rj-k-no
