D.E.放送局【鈴木勝/にじさんじ】	UCaF-mODqAziHivqg0Q61XKQ	UUaF-mODqAziHivqg0Q61XKQ
渋谷ハジメのはじめ支部	UCeK9HFcRZoTrvqcUCtccMoQ	UUeK9HFcRZoTrvqcUCtccMoQ
Dr. Masayuki	UCIGY-zKgFTOwjVCPgexaUoQ	UUIGY-zKgFTOwjVCPgexaUoQ
かぐらなな / ななかぐ辛党Ch	UCbfv8uuUXt3RSJGEwxny5Rw	UUbfv8uuUXt3RSJGEwxny5Rw
EGGNIS JAPAN	UCU24mD4EG1FcCClr-LwUbkQ	UUU24mD4EG1FcCClr-LwUbkQ
魔界ノりりむ	UC9EjSJ8pvxtvPdxLOElv73w	UU9EjSJ8pvxtvPdxLOElv73w
矢車りね - Rine Yaguruma -	UCvzVB-EYuHFXHZrObB8a_Og	UUvzVB-EYuHFXHZrObB8a_Og
CHANNEL SACON「環左金」	UCx44b2a1Uy9NqtU86puFRvQ	UUx44b2a1Uy9NqtU86puFRvQ
Kanae Channel	UCspv01oxUFf_MTSipURRhkA	UUspv01oxUFf_MTSipURRhkA
バーチャルメスお兄さん由木ハイCHANNEL	UCQ7ApdQLT126CCMomI0Jn-Q	UUQ7ApdQLT126CCMomI0Jn-Q
コゲ犬放送局	UCXJQy1CifhBme9kOM6eWlGg	UUXJQy1CifhBme9kOM6eWlGg
竜胆 尊 / Rindou Mikoto	UCPvGypSgfDkVe7JG2KygK7A	UUPvGypSgfDkVe7JG2KygK7A
瀬戸 美夜子 - Miyako Seto	UCHK5wkevfaGrPr7j3g56Jmw	UUHK5wkevfaGrPr7j3g56Jmw
なしみかんのじかん	UCbHfw3PD2s4ctvE5fgsIxKg	UUbHfw3PD2s4ctvE5fgsIxKg
FOX RABBIT	UCN5MgS6X8GyMynqKgeTp_gA	UUN5MgS6X8GyMynqKgeTp_gA
ここあMusic	UCCebk1_w5oiMUTRxdNJq0sA	UUCebk1_w5oiMUTRxdNJq0sA
チャンネルサムズ・アップ	UCgV70B9EJ2m15dlinkf-bRQ	UUgV70B9EJ2m15dlinkf-bRQ
あくまのゴート	UCOk9jmuNM4z2USwPxoSnyYg	UUOk9jmuNM4z2USwPxoSnyYg
MonsterZ MATE	UCDG8K9g6qo8gX4jCjsqUVzA	UUDG8K9g6qo8gX4jCjsqUVzA
夢月ロア🌖Yuzuki Roa	UCCVwhI5trmaSxfcze_Ovzfw	UUCVwhI5trmaSxfcze_Ovzfw
黒咲りんRin Kurosaki	UCNPu5zXzXvS6pLCCaI5SnSA	UUNPu5zXzXvS6pLCCaI5SnSA
本間ひまわり - Himawari Honma -	UC0g1AE0DOjBYnLhkgoRWN1w	UU0g1AE0DOjBYnLhkgoRWN1w
春崎エアル	UCtAvQ5U0aXyKwm2i4GqFgJg	UUtAvQ5U0aXyKwm2i4GqFgJg
ちひろチャンネル	UCLO9QDxVL4bnvRRsz6K4bsQ	UULO9QDxVL4bnvRRsz6K4bsQ
日雇礼子のドヤ街暮らしチャンネル	UCc5BawFmb7aNHck7HFtSKvw	UUc5BawFmb7aNHck7HFtSKvw
パルプンテ	UCnzwQFJpRZvec3QgTSLJpKg	UUnzwQFJpRZvec3QgTSLJpKg
チャンチョのゲーム部屋	UC5fwtXKwDpgboOud4DbjQTg	UU5fwtXKwDpgboOud4DbjQTg
TADAIMA放送局	UCaNJQXXv58DDXD8wUkf5nZA	UUaNJQXXv58DDXD8wUkf5nZA
桃々もも / Momomomo Momo	UCSFDsuKsTK-Ny4w-43EUKwA	UUSFDsuKsTK-Ny4w-43EUKwA
Makarooo ooon	UCWFEZL-lhnn0_FAZIQjAEtQ	UUWFEZL-lhnn0_FAZIQjAEtQ
ヨメミ V-AR チューバー -萌実-	UCy5lOmEQoivK5XK7QCaRKug	UUy5lOmEQoivK5XK7QCaRKug
三枝明那 / Akina Saegusa	UCNW1Ex0r6HsWRD4LCtPwvoQ	UUNW1Ex0r6HsWRD4LCtPwvoQ
ぴろぱる	UCSCmu_VjL4RR7rBjrvSAwSg	UUSCmu_VjL4RR7rBjrvSAwSg
人造人間TERU	UCf6orT1Y9Mey3L5VXIzHlwQ	UUf6orT1Y9Mey3L5VXIzHlwQ
市ノ瀬ミナト	UC0wL48EOsV-l4gGpnfiVoWw	UU0wL48EOsV-l4gGpnfiVoWw
魔穂の保管庫	UC5CXc8Ee-0jKqb0EfbOJHuw	UU5CXc8Ee-0jKqb0EfbOJHuw
アテンション人狼ch	UCEE00VqUperkcrwYEMHhvgA	UUEE00VqUperkcrwYEMHhvgA
雨森小夜	UCRWOdwLRsenx2jLaiCAIU4A	UURWOdwLRsenx2jLaiCAIU4A
諏戸名友人	UCi9mODNZY2s-rWAQH-soKuA	UUi9mODNZY2s-rWAQH-soKuA
VanilLa/バニラ	UCWueV72q02od55xENhVrI8g	UUWueV72q02od55xENhVrI8g
ムーさんチャンネル	UCl1l3eHVqUTBEEDaRBsKYgw	UUl1l3eHVqUTBEEDaRBsKYgw
雑狐ヒャッハーチャンネル	UCbwGxIDKW2W39ZNXF4XdD5A	UUbwGxIDKW2W39ZNXF4XdD5A
福岡グルメ三昧よかとちゃんねる	UCIkifM3QoL2BP2rwYcyetGg	UUIkifM3QoL2BP2rwYcyetGg
燦鳥ノム - SUNTORY NOMU -	UCwRKt_raV3N5KZgxcFyC1vw	UUwRKt_raV3N5KZgxcFyC1vw
蜂乃蜜味のはちみつちゃんねる	UCT-X3FxEf6CATUWjt-hzvVA	UUT-X3FxEf6CATUWjt-hzvVA
Liesel Channel	UCKcRcQ47u1iXqtB3ALwLxJA	UUKcRcQ47u1iXqtB3ALwLxJA
オニャンコポン	UCjHnkFgjwvnFw17QxYmI7fw	UUjHnkFgjwvnFw17QxYmI7fw
葉月こよりのもふもふちゃんねる	UCZuhmmlY4d1jxT7yCAyDvjw	UUZuhmmlY4d1jxT7yCAyDvjw
高田健志	UCmMs_sVY5peMzGLQvCOfL5Q	UUmMs_sVY5peMzGLQvCOfL5Q
勇者アルクch	UCqq1EPtYztz9OBUngOlFnqA	UUqq1EPtYztz9OBUngOlFnqA
天神 子兎音 Tenjin Kotone	UCAr7rLi_Wn09G-XfTA07d4g	UUAr7rLi_Wn09G-XfTA07d4g
バーチャルマスター巧兄	UC_EGKXv9ySxd5cVRTtcGJaQ	UU_EGKXv9ySxd5cVRTtcGJaQ
ロケリ星人ばるたん	UCx7S_lynAPVygpuqUWuW5zQ	UUx7S_lynAPVygpuqUWuW5zQ
猫田こた	UCGQhCTUMrDCW3WcZhQ8359Q	UUGQhCTUMrDCW3WcZhQ8359Q
九重ましろ	UCymp2v0KMCVidA4dhjeyPTw	UUymp2v0KMCVidA4dhjeyPTw
BobSappAim	UCrAq8h6Q3xGxzUC-84YD9PQ	UUrAq8h6Q3xGxzUC-84YD9PQ
ゆき_だるま。	UC0Gk-oKDc09fo9xMLoE4hqw	UU0Gk-oKDc09fo9xMLoE4hqw
🌙とばりちゃん寝ぬ🌙	UC2JMXD8btPtvJafM3dawF-Q	UU2JMXD8btPtvJafM3dawF-Q
《にじさんじ所属の女神》モイラ	UCvmppcdYf4HOv-tFQhHHJMA	UUvmppcdYf4HOv-tFQhHHJMA
サコ【ぶいらいぶねお所属】	UCP8fvfb8QoCACOh4JiQR-4w	UUP8fvfb8QoCACOh4JiQR-4w
社築	UCKMYISTJAQ8xTplUPHiABlA	UUKMYISTJAQ8xTplUPHiABlA
パンディチャンネル	UCu5DbFfYe3KiwhcmanCvSVg	UUu5DbFfYe3KiwhcmanCvSVg
デカキン Dekakin	UCg_m2ahbG9grCTh05T9kRog	UUg_m2ahbG9grCTh05T9kRog
ゆあちゃんねる	UCzAxQCoeJrmYkHr0cHfD0Nw	UUzAxQCoeJrmYkHr0cHfD0Nw
雪汝*setsuna channel	UCfM_A7lE6LkGrzx6_mOtI4g	UUfM_A7lE6LkGrzx6_mOtI4g
Channel Shizuki	UCSoIytEpZbkE4OZR3P4ZvLQ	UUSoIytEpZbkE4OZR3P4ZvLQ
レクスの冒険日記	UCvHGccAb-3yc3BywDVAGsEg	UUvHGccAb-3yc3BywDVAGsEg
ナルミちゃんねる	UC8u50rBbSo4_RELk2nl23hw	UU8u50rBbSo4_RELk2nl23hw
Ton games	UCxoLAbr4cPITkCn8jzhLAdQ	UUxoLAbr4cPITkCn8jzhLAdQ
AVTuber Karin Channel	UCVC5HsBChltYjuCeySIFAmg	UUVC5HsBChltYjuCeySIFAmg
宇宙怪獣アンチンの侵略基地	UCjCZhDLsl_-AqlR-Kkn_RBg	UUjCZhDLsl_-AqlR-Kkn_RBg
バージョンドット万丈アシカ	UC5wZYGzM6hrEggpbbGqlYOA	UU5wZYGzM6hrEggpbbGqlYOA
エージェントSATAN 【Vtuber】	UCtXtASDmHqMoSqXtamXa4-Q	UUtXtASDmHqMoSqXtamXa4-Q
ミディ / 作曲バーチャルyoutuber	UCs4zWdCrlnXmpVkjOgAHs0w	UUs4zWdCrlnXmpVkjOgAHs0w
ぼっちぼろまる	UCzmKiZrrf3-F6TBV0MRw88g	UUzmKiZrrf3-F6TBV0MRw88g
Channelパゲ美のバーチャルオカマ	UCm_rSqgU2lFfjU1rn-uqbXA	UUm_rSqgU2lFfjU1rn-uqbXA
問長アキラちゃんねる	UCThEzB071JVtZAJP7GK1J5w	UUThEzB071JVtZAJP7GK1J5w
【vtuber】えがきぐりこちゃんねる	UC2qxMP86cqdqftwJdEe1ABg	UU2qxMP86cqdqftwJdEe1ABg
gatorada gd	UC7BbrcqC-UIMQizmvpM-DqA	UU7BbrcqC-UIMQizmvpM-DqA
つくね熱くねちゃんねる	UCjAfg39UvVdv3e7uiHtIzxQ	UUjAfg39UvVdv3e7uiHtIzxQ
飛鳥ひな【にじさんじ所属】	UCiSRx1a2k-0tOg-fs6gAolQ	UUiSRx1a2k-0tOg-fs6gAolQ
ガーリィレコードチャンネル	UC6VjNLslXbb6Stl0I2MkQWA	UU6VjNLslXbb6Stl0I2MkQWA
Natanael A.	UC-CnJoC3l9SSKi6HXS44CNA	UU-CnJoC3l9SSKi6HXS44CNA
笹木咲 / Sasaki Saku	UCoztvTULBYd3WmStqYeoHcA	UUoztvTULBYd3WmStqYeoHcA
樋口楓【にじさんじ所属】	UCsg-YqdqQ-KFF0LNk23BY4A	UUsg-YqdqQ-KFF0LNk23BY4A
理原ひなり	UCZF1cUKuWlvo_wn--s-21kw	UUZF1cUKuWlvo_wn--s-21kw
Ch. Kogarashi	UCgjlhzJcOHXLk2UEKx2s_rg	UUgjlhzJcOHXLk2UEKx2s_rg
NoRqNeko【のらねこ】	UCYgTqu9nI2ymVzmAUYj31_g	UUYgTqu9nI2ymVzmAUYj31_g
【世界初?!】男性バーチャルYouTuber ばあちゃる	UC6TyfKcsrPwBsBnx2QobVLQ	UU6TyfKcsrPwBsBnx2QobVLQ
XaosEnd	UCZ1gfLNGCol87BTZiQNIdWA	UUZ1gfLNGCol87BTZiQNIdWA
デンネート	UC4QxfQSVZg-ecT_wznlDfaw	UU4QxfQSVZg-ecT_wznlDfaw
まんさや	UCk-m-OXRVEXUolSWtmY56oA	UUk-m-OXRVEXUolSWtmY56oA
バーチャルYouTuber蟹	UCcegcJA0ijqaZUUyvGtr5xQ	UUcegcJA0ijqaZUUyvGtr5xQ
成瀬 鳴	UCoM_XmK45j504hfUWvN06Qg	UUoM_XmK45j504hfUWvN06Qg
Negi Key	UCaU6TzSBcg__0Aofa_tXiKA	UUaU6TzSBcg__0Aofa_tXiKA
けんきの生放送部屋!	UChz3edDmO7fah5IliNG2KKg	UUhz3edDmO7fah5IliNG2KKg
Choco Ch. 癒月ちょこ	UC1suqwovbL1kzsoaZgFZLKg	UU1suqwovbL1kzsoaZgFZLKg
Yuhi Riri Official	UC48jH1ul-6HOrcSSfoR02fQ	UU48jH1ul-6HOrcSSfoR02fQ
ティーちゃん	UCg3D8VjVWHO5Co2oauW8deQ	UUg3D8VjVWHO5Co2oauW8deQ
バーチャルプロデューサーミラP	UCeGOzPAa3BvCFXXLwv9u_fA	UUeGOzPAa3BvCFXXLwv9u_fA
バーチャルちゃんねるグミ	UCId3JBnegMomeqpmR-MivSQ	UUId3JBnegMomeqpmR-MivSQ
家庭用ロボアイゼン	UC-m51QmfolYLWL4rBULK5lg	UU-m51QmfolYLWL4rBULK5lg
ツル巣籠	UCNWqz-qfa5dRGMCRfFXM_rQ	UUNWqz-qfa5dRGMCRfFXM_rQ
野鳥すずめ / ZyAG Sparrow	UCEp8g4ZYiiDWXq6oLNx01fw	UUEp8g4ZYiiDWXq6oLNx01fw
るこま	UCNvRvfBh0Q-usjS1Dv7YEVQ	UUNvRvfBh0Q-usjS1Dv7YEVQ
Siro Channel	UCLhUvJ_wO9hOvv_yYENu4fQ	UULhUvJ_wO9hOvv_yYENu4fQ
【公式】96NEKO-SUB-CHANNEL	UCyO7wyh07pYJaZk51OV75bA	UUyO7wyh07pYJaZk51OV75bA
にじさんじ	UCX7YkU9nEeaoZbkVLVajcMg	UUX7YkU9nEeaoZbkVLVajcMg
こものフレンズ	UCzf2VedMkBj_6JT5f8_NPEg	UUzf2VedMkBj_6JT5f8_NPEg
でびでび・でびる	UCjlmCrq4TP1I4xguOtJ-31w	UUjlmCrq4TP1I4xguOtJ-31w
放課後ゲーム部	UCBX00PjvFhTVnnDAR848O3A	UUBX00PjvFhTVnnDAR848O3A
Haneta Chika Channel羽子田チカチャンネル	UC46Vheyn2Wlc65fVGlzfO7A	UU46Vheyn2Wlc65fVGlzfO7A
かまってちゃんねる	UCuSa7XbCQ5MiEIPkZxvTUDQ	UUuSa7XbCQ5MiEIPkZxvTUDQ
中川ラン・ド・ラ・ヴァリエール	UC5bVaDqEb73fHvg3saBUCPA	UU5bVaDqEb73fHvg3saBUCPA
バーチャル役割論理ユーチューバー匙斬恋歌	UC3A5XY2_yk22ZcFKJPqy8mw	UU3A5XY2_yk22ZcFKJPqy8mw
Virtual Mushroom	UC8ga9WOtiQw9fWxyEA7S20A	UU8ga9WOtiQw9fWxyEA7S20A
ツキミユメノ	UCrxrLyFKqeq3fJh-OkrAn5Q	UUrxrLyFKqeq3fJh-OkrAn5Q
あんずちゃんねる	UCerH0KOGyPaC5WueExiicZQ	UUerH0KOGyPaC5WueExiicZQ
Narukami Sabaki Official	UCR1vMiGggY5jSDL_eTkXJCA	UUR1vMiGggY5jSDL_eTkXJCA
とぅーら【自転車Vtuber】	UCKR1ypkrizLHtDjyHdil3Dw	UUKR1ypkrizLHtDjyHdil3Dw
冷水ぬるめ/歌う女子高生の作曲VTuber	UCVHykctvqUX1fhARnxv10ZA	UUVHykctvqUX1fhARnxv10ZA
秋里夢女子 《みのりゆめこ》Vの民	UCW1wmI0fBsQxENwNwH-2adg	UUW1wmI0fBsQxENwNwH-2adg
戌亥とこ-Inui Toko-【にじさんじ】	UCXRlIK3Cw_TJIQC5kSJJQMg	UUXRlIK3Cw_TJIQC5kSJJQMg
轟 京子	UCRV9d6YCYIMUszK-83TwxVA	UURV9d6YCYIMUszK-83TwxVA
ちゃんねるライオン男の巣穴	UCV7OcoIeP4cJ-Bk_B5_ZQnw	UUV7OcoIeP4cJ-Bk_B5_ZQnw
【公式】ハイドアンドファイアチャンネル | HIDE AND FIRE Official	UCgl2o1EFBphJhEDiMrSWtfw	UUgl2o1EFBphJhEDiMrSWtfw
牡丹きぃ	UCfd70dsHfx0vevwIoUv3zCw	UUfd70dsHfx0vevwIoUv3zCw
Shokuso	UClty17aLgqFQ_tZpHLmEYrQ	UUlty17aLgqFQ_tZpHLmEYrQ
コロちゃんねる	UCdyEhrv8hWi2VE4a_DzggNQ	UUdyEhrv8hWi2VE4a_DzggNQ
緑仙channel	UCt5-0i4AVHXaWJrL8Wql3mw	UUt5-0i4AVHXaWJrL8Wql3mw
童田明治-わらべだめいじー-	UCveZ9Ic1VtcXbsyaBgxPMvg	UUveZ9Ic1VtcXbsyaBgxPMvg
梨本うい	UC0-rH5tBYzginV-lp9NovMg	UU0-rH5tBYzginV-lp9NovMg
MeguRoom	UCNA0XC_zxS63d4Q-JMIMyug	UUNA0XC_zxS63d4Q-JMIMyug
スパイト-spite-【公式】	UCK-j1rvGTYiLxi4-KMfZTrQ	UUK-j1rvGTYiLxi4-KMfZTrQ
しゅり ちゃんねる	UC-dEENXELAMvTpizF2HE6mw	UU-dEENXELAMvTpizF2HE6mw
しんたろー	UCIWJ_FaWuSc3HhWSSrCgTMg	UUIWJ_FaWuSc3HhWSSrCgTMg
財団CKW	UC1DCguzShV89OQCL9jISdWw	UU1DCguzShV89OQCL9jISdWw
いわながちゃん	UCGCb4Dts1uYtciya3wvd6dg	UUGCb4Dts1uYtciya3wvd6dg
ななみちゃんねる	UC9hfQXw4GsH5LY9St0c707Q	UU9hfQXw4GsH5LY9St0c707Q
紫音VGチャンネル	UCri7Aft0jr2Jd0wIdTft84A	UUri7Aft0jr2Jd0wIdTft84A
ライバロリ	UCSdExItCszcnIp-roT7b0kw	UUSdExItCszcnIp-roT7b0kw
ゆまぴよch【陽咲ゆま】	UCKCmzBbLaYblLc5SVOX65pQ	UUKCmzBbLaYblLc5SVOX65pQ
ikuyoan	UCPA4WQ2mOddMao09P_PRxPQ	UUPA4WQ2mOddMao09P_PRxPQ
じーえふちゃん	UCXS_g5Db9SHYg6Won4I13ig	UUXS_g5Db9SHYg6Won4I13ig
そらのももか	UCBJK3Acacldm7Yvec055QgQ	UUBJK3Acacldm7Yvec055QgQ
メイカちゃんの垂れ流し部屋	UCDL4ToqwKnOQz3d1wwj4kzg	UUDL4ToqwKnOQz3d1wwj4kzg
遠北千南 / Achikita Chinami 【にじさんじ】	UCuz0vzQgC8LRdS6lVV0UkUg	UUuz0vzQgC8LRdS6lVV0UkUg
karaTube	UCpKk-VBmrnhNkM9kglq0jJg	UUpKk-VBmrnhNkM9kglq0jJg
剣持刀也	UCv1fFr156jc65EMiLbaLImw	UUv1fFr156jc65EMiLbaLImw
Gilzaren III Season 2	UCUzJ90o1EjqUbk2pBAy0_aw	UUUzJ90o1EjqUbk2pBAy0_aw
0108 official	UCLXxry0HqEz_mzHSsXwrhYg	UULXxry0HqEz_mzHSsXwrhYg
バゼッタさんとマイコニドン	UC6vGOlcQ_miCV7c6X9_cX4A	UU6vGOlcQ_miCV7c6X9_cX4A
舞元啓介	UCJubINhCcFXlsBwnHp0wl_g	UUJubINhCcFXlsBwnHp0wl_g
せんのいのりchannel	UCvUWlu7YCjCZMnmXSTd4q-A	UUvUWlu7YCjCZMnmXSTd4q-A
栗山やんみ	UCcqCHOzqi5c0j1tBd0h5j2Q	UUcqCHOzqi5c0j1tBd0h5j2Q
Raitoのゲーム配信	UC0AWdMS6iB6JueIMpQhXrvg	UU0AWdMS6iB6JueIMpQhXrvg
高生紳士	UCM2SwvNjA0uH8oc5D0ihSDA	UUM2SwvNjA0uH8oc5D0ihSDA
花奏 かのん -Kanade Kanon Official-	UCmqrvfLMws-GLGHQcB5dasg	UUmqrvfLMws-GLGHQcB5dasg
Mari Channel	UCfiK42sBHraMBK6eNWtsy7A	UUfiK42sBHraMBK6eNWtsy7A
魔宵さきゅ	UCF5_KY0GBDxQyLASpnZ8Y2w	UUF5_KY0GBDxQyLASpnZ8Y2w
Alt!! Channel	UC_cCW1xmXwRFp1tX-RD2X1Q	UU_cCW1xmXwRFp1tX-RD2X1Q
エユン	UCgdMJTrbElcTeOuj_6ilofQ	UUgdMJTrbElcTeOuj_6ilofQ
Jeongha Choe	UCLQm4N5oAfQHVUGk5rRcDKg	UULQm4N5oAfQHVUGk5rRcDKg
Garden	UCuEYsI0Z8fQy0JJkhjCBvGg	UUuEYsI0Z8fQy0JJkhjCBvGg
珠菜 竜也	UCxB5p_i_bgPM6q-wk8Y9NJA	UUxB5p_i_bgPM6q-wk8Y9NJA
Ichika Channel / 宗谷 いちか 【あにまーれ】	UC2kyQhzGOB-JPgcQX9OMgEw	UU2kyQhzGOB-JPgcQX9OMgEw
闇夜乃モルル / Moruru Yamiyono	UCNUgrFCo2Hr_VXc9bEwjcHQ	UUNUgrFCo2Hr_VXc9bEwjcHQ
インサイドちゃん	UCq6EBsKaFIUpac6fPkGu2PQ	UUq6EBsKaFIUpac6fPkGu2PQ
やひろのおへや	UCp-8cPCziyRz2OXJWBOjsCQ	UUp-8cPCziyRz2OXJWBOjsCQ
竜乃ハナビ/Ryuno Hanabi	UCu0aKD_tvYuhAQff9hCRnxg	UUu0aKD_tvYuhAQff9hCRnxg
花野蜜【ENTUM所属】	UCuwpvDAYMV0nV98DQk-W9mQ	UUuwpvDAYMV0nV98DQk-W9mQ
森中花咲	UCtpB6Bvhs1Um93ziEDACQ8g	UUtpB6Bvhs1Um93ziEDACQ8g
りむとまき channel	UCRrJOT-K38VNeS3ukQARIZw	UURrJOT-K38VNeS3ukQARIZw
ぺるたん✩ ニコカラ チャンネル	UCKur-P4WW738uGveQBzYUmA	UUKur-P4WW738uGveQBzYUmA
鏑木イサナ/Forte	UCqTEvChhKAh0fmpACZ0MvsA	UUqTEvChhKAh0fmpACZ0MvsA
家守ふみ の 遊び部屋	UCOygWoFE3pg1QpDsRmxNsMg	UUOygWoFE3pg1QpDsRmxNsMg
みれあ	UC5Ws7DgaTKdx_YqJ32C2mkw	UU5Ws7DgaTKdx_YqJ32C2mkw
キマリロンゾ	UCTV5pWC4BFLe2qTjq6h8x-Q	UUTV5pWC4BFLe2qTjq6h8x-Q
仮面ライバーもやしVtuber	UCLhRqrcPauOgC6MTRhlOSMQ	UULhRqrcPauOgC6MTRhlOSMQ
あどみん	UCoZZvM_XSZTUicBQhkCiPtA	UUoZZvM_XSZTUicBQhkCiPtA
ちょびの部屋	UCa9phFXN-cERA8vYCqPt88w	UUa9phFXN-cERA8vYCqPt88w
Chiflie / 千振ひろは	UCPlC3Wc9xx_BhRsqVKsvVYw	UUPlC3Wc9xx_BhRsqVKsvVYw
Vtuberドーセット・アカホシ	UCMeFjJJ-0phOKMEXY2Dr-ag	UUMeFjJJ-0phOKMEXY2Dr-ag
花琴伊草【妖怪ちゃんねる】	UCaq_BEsIHLVvdU6lCKLtipQ	UUaq_BEsIHLVvdU6lCKLtipQ
Sakuzyo Official	UC58hIFa6J8zRm3dKg7exQ2Q	UU58hIFa6J8zRm3dKg7exQ2Q
バーチャルYoutuber ユーリス	UC2K_2o2jdZPEzninh2lzkpg	UU2K_2o2jdZPEzninh2lzkpg
おめがシスターズ [Ω Sisters]	UCNjTjd2-PMC8Oo_-dCEss7A	UUNjTjd2-PMC8Oo_-dCEss7A
MCアビコofficial	UCW5rteuCYXGK5JcLPovsf6Q	UUW5rteuCYXGK5JcLPovsf6Q
はちこ【VTuber】	UCUxazE0cXa92LNa-UjqlxDQ	UUUxazE0cXa92LNa-UjqlxDQ
もこめめ*channel	UCz6Gi81kE6p5cdW1rT0ixqw	UUz6Gi81kE6p5cdW1rT0ixqw
海夜叉神/黄泉波咲夜【にじさんじ】	UCqEp6RdtsMbUNrCdCswr6pA	UUqEp6RdtsMbUNrCdCswr6pA
Vtuber先生アダム教頭	UC_bmP1Z0yjSQnbj_aFFUCKQ	UU_bmP1Z0yjSQnbj_aFFUCKQ
でびちゃんねる	UCP19rQ5V-46B-6ZeLDJqp5w	UUP19rQ5V-46B-6ZeLDJqp5w
エルフのえる / にじさんじ所属	UCYKP16oMX9KKPbrNgo_Kgag	UUYKP16oMX9KKPbrNgo_Kgag
エンドウサヤの0からはじまるチャンネル	UCfu3WMxXFihDET9kZV5GKsQ	UUfu3WMxXFihDET9kZV5GKsQ
プテラたかはし	UC65uVBk6DQMj-a17jFK0oRg	UU65uVBk6DQMj-a17jFK0oRg
織田信姫	UCGcD5iUDG8xiywZeeDxye-A	UUGcD5iUDG8xiywZeeDxye-A
かぴこ【カピバラ娘YouTuber】	UCEDmLqbYpMg2cPjVmdbcHdw	UUEDmLqbYpMg2cPjVmdbcHdw
あおぎり高校ゲーム部	UCPLeqi7rIqS9uY4_TrSUOMg	UUPLeqi7rIqS9uY4_TrSUOMg
黒瀬家	UCxU9F9sZJdzectps34GuSyA	UUxU9F9sZJdzectps34GuSyA
しうすちゃんねる	UCIisvC3IMPbaYSi_hdMES2Q	UUIisvC3IMPbaYSi_hdMES2Q
Kudou_chitose / 久遠千歳	UCP2o-o6u4uX3uq1hXspl0rg	UUP2o-o6u4uX3uq1hXspl0rg
七瀬タク-Official Channel-	UCiqHlJh_i0z3PUadvlcWpEg	UUiqHlJh_i0z3PUadvlcWpEg
ちばねずみ	UCjCpPu8eYSSDUmvOY4Zu_lA	UUjCpPu8eYSSDUmvOY4Zu_lA
幡多乃ちゃろ	UC7HljgIDR-1P9mfwbvpbTZA	UU7HljgIDR-1P9mfwbvpbTZA
鞍馬つむぎ/Tsumugi ch	UCdvYw1B1EaOZfgO7-Ir3ORQ	UUdvYw1B1EaOZfgO7-Ir3ORQ
もちもち生活。まんじゅう	UCa-SeD_42RAk_-v7n9YSpJw	UUa-SeD_42RAk_-v7n9YSpJw
トルギス・ヴィング【バーチャルYouTuber】	UC8Fis5QpIAuliAxKgEVfDLw	UU8Fis5QpIAuliAxKgEVfDLw
[バーチャル半魚貝]SAKANAYUKIナユキさん家	UC6fpdMapULpGpG0psY3setw	UU6fpdMapULpGpG0psY3setw
もちひよこ	UCZ1WJDkMNiZ_QwHnNrVf7Pw	UUZ1WJDkMNiZ_QwHnNrVf7Pw
花畑チャイカ	UCsFn_ueskBkMCEyzCEqAOvg	UUsFn_ueskBkMCEyzCEqAOvg
もずとはゃにぇ	UC5mEZb86YXE3blczu-dIRtw	UU5mEZb86YXE3blczu-dIRtw
水瓶ミア/ミアちゃんねる	UCpPuEfqwYbpn7e2jWdQeWew	UUpPuEfqwYbpn7e2jWdQeWew
安土桃	UC6TfqY40Xt1Y0J-N18c85qQ	UU6TfqY40Xt1Y0J-N18c85qQ
宇志海いちご	UCmUjjW5zF1MMOhYUwwwQv9Q	UUmUjjW5zF1MMOhYUwwwQv9Q
女帝セツナ	UCuVnOISQ9bbUMjS3Kwz7Z1g	UUuVnOISQ9bbUMjS3Kwz7Z1g
イツミちゃんねる	UCk1qKLPaznd5gnKms-2XHaA	UUk1qKLPaznd5gnKms-2XHaA
仁木探偵事務所	UCe_jmKfuvBZTFoH-H962xIg	UUe_jmKfuvBZTFoH-H962xIg
Charlot(バーチャル格ゲーマー)	UCcs7_qllXT4lkyMbpAHwwSw	UUcs7_qllXT4lkyMbpAHwwSw
うばさん💯	UCYeDQ2W0HutkKOjfjca0i_g	UUYeDQ2W0HutkKOjfjca0i_g
由宇霧ちゃんねる	UCMxKcUjeTEcgHmC9Zzn3R4w	UUMxKcUjeTEcgHmC9Zzn3R4w
神楽めあ / KaguraMea	UCWCc8tO-uUl_7SJXIKJACMw	UUWCc8tO-uUl_7SJXIKJACMw
鮫島	UCMVTOaCMPHYeU4ruC5TbYvQ	UUMVTOaCMPHYeU4ruC5TbYvQ
NottinTV	UC2jE2i2lC7ZJQl4tQoIiX7g	UU2jE2i2lC7ZJQl4tQoIiX7g
【3年0組】郡道美玲の教室	UCeShTCVgZyq2lsBW9QwIJcw	UUeShTCVgZyq2lsBW9QwIJcw
メルドちゃん	UCx1Jf6cFpi0_uUVQc_VO9Wg	UUx1Jf6cFpi0_uUVQc_VO9Wg
ナッツ店長	UCBH7v_NCmSux6I-GOvyajJQ	UUBH7v_NCmSux6I-GOvyajJQ
橘柚乃	UCK0K0sa9mzIWGUWT95ywWYg	UUK0K0sa9mzIWGUWT95ywWYg
格ゲーVTuberナス	UCZ-1WA4SYC6bHcQuCK2ggQQ	UUZ-1WA4SYC6bHcQuCK2ggQQ
花咲アヤメ	UCrWLOrJLZ6Jb1CASa6RU7sQ	UUrWLOrJLZ6Jb1CASa6RU7sQ
せいろう	UC0YGmuzCHn9pGdYdry39lhg	UU0YGmuzCHn9pGdYdry39lhg
Mirai Akari Project	UCMYtONm441rBogWK_xPH9HA	UUMYtONm441rBogWK_xPH9HA
Hanjou Channel	UCRb4IVckX44UIDzyykek_gA	UURb4IVckX44UIDzyykek_gA
[桜の木Vtuber]桜 咲	UCT7oPK_pbb3qxvmDm-6jsuA	UUT7oPK_pbb3qxvmDm-6jsuA
ピカクロス	UCKMmctA8PhYL2Sc6aK5lkbw	UUKMmctA8PhYL2Sc6aK5lkbw
桜凛月	UCfQVs_KuXeNAlGa3fb8rlnQ	UUfQVs_KuXeNAlGa3fb8rlnQ
面妖ヤバケキツネキアロヒちゃん	UCtXVArSWD1FbCYz4nCgfAXg	UUtXVArSWD1FbCYz4nCgfAXg
しゃるおれおっての書斎	UCXzml6-kkp7RWxFu_gHkIlw	UUXzml6-kkp7RWxFu_gHkIlw
プネキ	UCw7DlehNC4V3nvf7FTBPv8w	UUw7DlehNC4V3nvf7FTBPv8w
VRFOX CHANNEL	UCQvh2u7Q27B3cKrx1s70ssQ	UUQvh2u7Q27B3cKrx1s70ssQ
涼風樹	UCUbtiyyCdOMf6Zxwetcp0UQ	UUUbtiyyCdOMf6Zxwetcp0UQ
寧々子ちゃんねる	UCI73A5O-_jLQWoGLokzCIOQ	UUI73A5O-_jLQWoGLokzCIOQ
vtuber椎葉アキラ	UCPiXXl1DTch_ZFkmHXt9vMw	UUPiXXl1DTch_ZFkmHXt9vMw
町田ちま【にじさんじ】	UCo7TRj3cS-f_1D9ZDmuTsjw	UUo7TRj3cS-f_1D9ZDmuTsjw
眠河ゆめな	UCJEpGdadojQ-510MGZe3Y8A	UUJEpGdadojQ-510MGZe3Y8A
魔法少女ちあちあちゃんねる	UCk7UMlCJ6dlluad9GLKhHzg	UUk7UMlCJ6dlluad9GLKhHzg
兎影めう	UCkbN_RyxV_h9fBGrrdnal5w	UUkbN_RyxV_h9fBGrrdnal5w
Akabane Channel	UCBi8YaVyZpiKWN3_Z0dCTfQ	UUBi8YaVyZpiKWN3_Z0dCTfQ
さはな【VTuber】	UCynHwUYnx8V0NJ9_pU-aAsA	UUynHwUYnx8V0NJ9_pU-aAsA
朝霞しお	UCT0GhQ7cs_TOIwWoDUhKRbw	UUT0GhQ7cs_TOIwWoDUhKRbw
Haru Ch.柚月はる	UCnMt4JftD9ckDnLyQI_KjeA	UUnMt4JftD9ckDnLyQI_KjeA
《IzumoKasumi》Project channel【にじさんじ】	UCLpYMk5h1bq8_GAFVBgXhPQ	UULpYMk5h1bq8_GAFVBgXhPQ
綺羅星ウタ/ウタちゃんねる	UCX2Sm8SGWTUOyCizgrzadXA	UUX2Sm8SGWTUOyCizgrzadXA
ばいこふらさ	UCyF7bAHEMFT6XjJjJXNaSAg	UUyF7bAHEMFT6XjJjJXNaSAg
A.N.I.ChanneLアニチャンネル	UCK_do6Co_mg866sPeP0UTAw	UUK_do6Co_mg866sPeP0UTAw
地獄ちゃんねる	UCf97Z6Ntd1n0LQ3TsUtYNgQ	UUf97Z6Ntd1n0LQ3TsUtYNgQ
有都あらゆる	UCq_X2kzqQHAZ3JsWEyXFGVA	UUq_X2kzqQHAZ3JsWEyXFGVA
のらきゃっとチャンネル	UC3iwL9Yz8LcKkJsnLPevOTQ	UU3iwL9Yz8LcKkJsnLPevOTQ
勇者まさるのパンプキンチャンネル	UCAp1lINDwapIbNlMO71MqCw	UUAp1lINDwapIbNlMO71MqCw
Channel 横井bit子	UCsHoMIiPTvZFsPLtdLgYNng	UUsHoMIiPTvZFsPLtdLgYNng
ありさか/Arisakaaa	UCLLuaTElO1eRGOo2qc_Rdsw	UULLuaTElO1eRGOo2qc_Rdsw
ダンディジョージのハンサムチャンネル	UC8JvZ2-fC404ZZbeQcEJ92A	UU8JvZ2-fC404ZZbeQcEJ92A
花京院ちえり	UCP9ZgeIJ3Ri9En69R0kJc9Q	UUP9ZgeIJ3Ri9En69R0kJc9Q
Korone Ch. 戌神ころね	UChAnqc_AY5_I3Px5dig3X1Q	UUhAnqc_AY5_I3Px5dig3X1Q
さなちゃんねる	UCIdEIHpS0TdkqRkHL5OkLtA	UUIdEIHpS0TdkqRkHL5OkLtA
夢追翔のJUKE BOX	UCTIE7LM5X15NVugV7Krp9Hw	UUTIE7LM5X15NVugV7Krp9Hw
万楽えねサブバーチャルYouTuber	UCUXZ-M7lY737DTqPf6fyp1g	UUUXZ-M7lY737DTqPf6fyp1g
姫乃かなでちゃん!【VTuber】	UCRwXAE6Y8KSZLWOWaoW8evA	UURwXAE6Y8KSZLWOWaoW8evA
Nightmare channel	UC5zP25Iu_cN6_B58I3OAkYQ	UU5zP25Iu_cN6_B58I3OAkYQ
じぃじ	UCmGWOsaAKhwWQpDEemW_xWA	UUmGWOsaAKhwWQpDEemW_xWA
反逆者 みー太郎	UCe5IBB9VlcpN9hoN6hDqW_Q	UUe5IBB9VlcpN9hoN6hDqW_Q
ドーラ	UC53UDnhAAYwvNO7j_2Ju1cQ	UU53UDnhAAYwvNO7j_2Ju1cQ
【バーチャル井戸】井戸端貞夫	UCDCCaUtL7RKySFBKyXdm3cw	UUDCCaUtL7RKySFBKyXdm3cw
京極エミーリア皐月【サークルみらん】	UC4cwqcZLNNYJW4cQuoM310A	UU4cwqcZLNNYJW4cQuoM310A
AlphaAzur	UCpBpT_ncJPvhVyKb7wfZz7Q	UUpBpT_ncJPvhVyKb7wfZz7Q
デラとハドウ Channel	UC0QzO6nK1cEDZvJSt2769Zw	UU0QzO6nK1cEDZvJSt2769Zw
しろろ	UCF0dpYtHxzJw121skLAb-FQ	UUF0dpYtHxzJw121skLAb-FQ
もりこっこ	UCOIokvocLvOp4PqSNhRCqeA	UUOIokvocLvOp4PqSNhRCqeA
パルディ博士の助手	UCNBfuSbzhxU-9wA6SVut70g	UUNBfuSbzhxU-9wA6SVut70g
SoraCh. ときのそらチャンネル	UCp6993wxpyDPHUpavwDFqgg	UUp6993wxpyDPHUpavwDFqgg
かたりのアトリエ	UCKey1k3bMokPT-k66OEV8-g	UUKey1k3bMokPT-k66OEV8-g
ミナミ/LAD 373 vtuber	UCExYkYjxuTrsPu-Dv3AM8fw	UUExYkYjxuTrsPu-Dv3AM8fw
MUEステカラオケ	UCARXmJGXap2HyecGs-GiaKQ	UUARXmJGXap2HyecGs-GiaKQ
若草カガリ	UCqh86JzGVp2m10iOii2a-jw	UUqh86JzGVp2m10iOii2a-jw
夢乃名菓の夢の中	UCcHv8CrBnQn19xhokzNwWFA	UUcHv8CrBnQn19xhokzNwWFA
オボロリュウ バーチャルYouTuber	UChU-HiSDcPA2P1f6U2RsXDA	UUhU-HiSDcPA2P1f6U2RsXDA
レンチ【作曲系Vtuber】	UCl3jPsnhZNprn1sqdl8P-mg	UUl3jPsnhZNprn1sqdl8P-mg
ジョー・力一	UChUJbHiTVeGrSkTdBzVfNCQ	UUhUJbHiTVeGrSkTdBzVfNCQ
バーチャル『決闘者』星城勝	UCzqaP9EXCwjotaUZVnan_fw	UUzqaP9EXCwjotaUZVnan_fw
Video Boi	UC_lVtbOeDte5VTysBBlDWiA	UU_lVtbOeDte5VTysBBlDWiA
Ranmaru / らんまるちゃんねる	UCvBj7v6uknNe7JdS7bE9QvQ	UUvBj7v6uknNe7JdS7bE9QvQ
寧々寝あげは【ねねねぇちゃん寝る】	UCnn-E8kKPKjEJCowTVxgbeQ	UUnn-E8kKPKjEJCowTVxgbeQ
Maitv	UCcQsrRPk4-o9CmdCWfG9grw	UUcQsrRPk4-o9CmdCWfG9grw
ぐんないTV	UCjHTUNWt5Q5KGexXugVISHQ	UUjHTUNWt5Q5KGexXugVISHQ
Shizuka Rin Official	UC6oDys1BGgBsIC3WhG1BovQ	UU6oDys1BGgBsIC3WhG1BovQ
バーチャルくろたぬ	UCr_Y8X58V5Edpo71_0iOjPA	UUr_Y8X58V5Edpo71_0iOjPA
月ノ美兎	UCD-miitqNY3nyukJ4Fnf4_A	UUD-miitqNY3nyukJ4Fnf4_A
たっくーTVれいでぃお	UCkkxn2ldlFUMupTlXU8meAw	UUkkxn2ldlFUMupTlXU8meAw
文野環【にじさんじの野良猫】ふみのたまき	UCBiqkFJljoxAj10SoP2w2Cg	UUBiqkFJljoxAj10SoP2w2Cg
伏見ガク【にじさんじ所属】	UCXU7YYxy_iQd3ulXyO-zC2w	UUXU7YYxy_iQd3ulXyO-zC2w
スズナエカオル	UC4Kt5T6HPXgIQov82obONSw	UU4Kt5T6HPXgIQov82obONSw
黒乃ハクト【ぶいらいぶ所属】	UCDWYl3W_9NeLDpDax8T4WtA	UUDWYl3W_9NeLDpDax8T4WtA
Haato Channel 赤井はあと	UC1CfXB_kRs3C-zaeTG3oGyg	UU1CfXB_kRs3C-zaeTG3oGyg
モリアーティの安楽椅子遊戯	UCBHmuhUIRNnLaFk2V3T52GQ	UUBHmuhUIRNnLaFk2V3T52GQ
ドクトル・ヤン_バーチャル研究所	UCvZh2xVmm_x5ycxyppEexiw	UUvZh2xVmm_x5ycxyppEexiw
幼龍埜ゆい	UCNRPBCcybdwJtfUVuNVaFYQ	UUNRPBCcybdwJtfUVuNVaFYQ
スナザメ[第五人格 人狼 マリカー 意味怖]	UCmE8sLhT9d2XScGkwojX30Q	UUmE8sLhT9d2XScGkwojX30Q
Re‡D.E.放送局【鈴木勝/にじさんじ】	UCryOPk2GZ1meIDt53tL30Tw	UUryOPk2GZ1meIDt53tL30Tw
ちゃんねるうるめ	UCx5QOWzX0t0pr8TM2nzd6UQ	UUx5QOWzX0t0pr8TM2nzd6UQ
雪オネェ	UCX-X86t7QUPSxc9IGqmrbxg	UUX-X86t7QUPSxc9IGqmrbxg
Jさん	UCsVJ_lZm4reYSdd4Xxb4sxw	UUsVJ_lZm4reYSdd4Xxb4sxw
フク#バーチャルドロイド	UC6terjQNY37EZX6tUH_E1GA	UU6terjQNY37EZX6tUH_E1GA
獅子神レオナ/レオナちゃんねる	UCB1s_IdO-r0nUkY2mXeti-A	UUB1s_IdO-r0nUkY2mXeti-A
Studio Megaane	UCL6B3WVcVHJvU2YSF-i-oUg	UUL6B3WVcVHJvU2YSF-i-oUg
卓球少年チャンネル	UCkX_1UxB2BcUK13JFDFp5nA	UUkX_1UxB2BcUK13JFDFp5nA
くろすっω・）つ	UCEnzC7Xf80qpHDFpiXF1V1Q	UUEnzC7Xf80qpHDFpiXF1V1Q
kakiゲーム	UCR4H33La4BdesMOMU3fuH2A	UUR4H33La4BdesMOMU3fuH2A
Mel Channel 夜空メルチャンネル	UCD8HOxPs4Xvsm8H0ZxXGiBw	UUD8HOxPs4Xvsm8H0ZxXGiBw
やりものさん	UCbWOVVhSiaXSt8kNeLPukRg	UUbWOVVhSiaXSt8kNeLPukRg
小町ノノ/ Nono Channel【おとりざ麗編】	UCnvoQdObCS2VsmciF4LnvYw	UUnvoQdObCS2VsmciF4LnvYw
アンジュ・カトリーナ - Ange Katrina -	UCHVXbQzkl3rDfsXWo8xi2qw	UUHVXbQzkl3rDfsXWo8xi2qw
SatouHolmes Ch.佐藤ホームズ	UCOXumOju1oSdyHysRfnQAmA	UUOXumOju1oSdyHysRfnQAmA
てるさん	UC7GPk2S1ZOEcOyePBVQ5q2w	UU7GPk2S1ZOEcOyePBVQ5q2w
マスターTV サブちゃんねる	UCvGaQlF9hISC0EodUeY5jcg	UUvGaQlF9hISC0EodUeY5jcg
たんぽぽ [植物系vtuber]春野	UC6ui7MRCqzYPHR48OrKD3_w	UU6ui7MRCqzYPHR48OrKD3_w
父ノ背中	UClZ4p8dv8bTMrxjKZl4gOHg	UUlZ4p8dv8bTMrxjKZl4gOHg
蒼月しずく/黒依ネコト	UC5Jb_X-y4JcFRcsOrS4Twlg	UU5Jb_X-y4JcFRcsOrS4Twlg
イノシロCHANNEL	UCIr3oRjF8sTKIUdi2Y9-2Wg	UUIr3oRjF8sTKIUdi2Y9-2Wg
風宮まつり / Matsuri Channel	UCxp-_zVZcJBwZzjLt-LwAaQ	UUxp-_zVZcJBwZzjLt-LwAaQ
空4	UC_16xBA9jUd6MQkkAlY4PqA	UU_16xBA9jUd6MQkkAlY4PqA
Vtuber城星譲友&VIC	UCnwSu_izX1OMhzXmOEXVgxw	UUnwSu_izX1OMhzXmOEXVgxw
とと1010	UCYsZmFakurUubfI2f95MoAA	UUYsZmFakurUubfI2f95MoAA
鈴鹿詩子 Utako Suzuka	UCwokZsOK_uEre70XayaFnzA	UUwokZsOK_uEre70XayaFnzA
Cool武士のくるぶし	UC3ztWvZT_cOzt46IN79SKwQ	UU3ztWvZT_cOzt46IN79SKwQ
Mary Channel / 西園寺メアリ【ハニスト】	UCwePpiw1ocZRSNSkpKvVISw	UUwePpiw1ocZRSNSkpKvVISw
有栖マナ/Alice mana	UCIaC5td9nGG6JeKllWLwFLA	UUIaC5td9nGG6JeKllWLwFLA
とりま、サキんち寄ってく?	UC_4SADjnjt22NO-fTFN6prQ	UU_4SADjnjt22NO-fTFN6prQ
♥️♠️物述有栖♦️♣️	UCt0clH12Xk1-Ej5PXKGfdPA	UUt0clH12Xk1-Ej5PXKGfdPA
FF14カルミアチャンネル	UCqZSYoJjz8EHK8_OdxnRgPQ	UUqZSYoJjz8EHK8_OdxnRgPQ
イヌージョンCHANNEL	UCevP1FJ45OVUQqTUVuEc60w	UUevP1FJ45OVUQqTUVuEc60w
桜井ユイ/ゆいちゃんねる	UCPyZvOm2T8s5QGUrmak5Efw	UUPyZvOm2T8s5QGUrmak5Efw
斗和キセキ	UCKYPwPHjmgLWrJwkcLhGvNg	UUKYPwPHjmgLWrJwkcLhGvNg
MidoKarma	UCBsKDGgP1bs1i9dnqB1esSQ	UUBsKDGgP1bs1i9dnqB1esSQ
沢渡エイトchannel	UCyd1JtvpkJ_H3tZZzokiHLQ	UUyd1JtvpkJ_H3tZZzokiHLQ
【VIDAL ch.】探検家ヴィダル	UCzGC0OtdXnCnHtylu4hXVzQ	UUzGC0OtdXnCnHtylu4hXVzQ
月夜ソラ【ENTUM所属】	UCPwSREC85pZ3_ZW1MbEWf9Q	UUPwSREC85pZ3_ZW1MbEWf9Q
シスター・クレア -SisterClaire-	UC1zFJrfEKvCixhsjNSb1toQ	UU1zFJrfEKvCixhsjNSb1toQ
はお！ユリ・メイ飯店	UC5072XDe1tfc79CNCJuNMWQ	UU5072XDe1tfc79CNCJuNMWQ
-Akatsuki Gen-暁 ゲン	UCl_Xe5QiIPzscqXiGsYdW4w	UUl_Xe5QiIPzscqXiGsYdW4w
茸のYouTube実況チャンネル	UC0vMj1sGXPc0rcZhEtrPmHg	UU0vMj1sGXPc0rcZhEtrPmHg
がおまるちゃんねる	UC8qg3HLeHPz0xsN4DWgEhKA	UU8qg3HLeHPz0xsN4DWgEhKA
ソン君のゲーム実況	UCTCeWBQlBLEJ9QCnz76Qddw	UUTCeWBQlBLEJ9QCnz76Qddw
あゆみんch	UCgFRNARJowqHnI7LNkXndBQ	UUgFRNARJowqHnI7LNkXndBQ
ヘル・スケア	UCHBT-XK2obs11icZTlpC3-Q	UUHBT-XK2obs11icZTlpC3-Q
ゼウスたそVtuber	UCDdJld3eM5rQ1cgS5891dbw	UUDdJld3eM5rQ1cgS5891dbw
【にじさんじ】神田笑一	UCWz0CSYCxf4MhRKPDm220AQ	UUWz0CSYCxf4MhRKPDm220AQ
Channel Hoshinouta Kaz	UC_n3V9K0VoEhGSO9ikOE6pw	UU_n3V9K0VoEhGSO9ikOE6pw
八朔ゆず【にじさんじ】	UCFaDvgez8USXHiKidt0NtZg	UUFaDvgez8USXHiKidt0NtZg
ドッ斗のジャギー・	UC81NzT7Ze9pdsi5OWMfakkQ	UU81NzT7Ze9pdsi5OWMfakkQ
かみだよ.	UCIM1jeOZkV9h-jfZkXQgIEg	UUIM1jeOZkV9h-jfZkXQgIEg
明夫系Vtuber 百合園レンゲ	UCEzvuUxGqPgJ6bQSWuwGsUQ	UUEzvuUxGqPgJ6bQSWuwGsUQ
名伽尾アズマ☀️	UCks41vQN-hN-1KHmpZyPY3A	UUks41vQN-hN-1KHmpZyPY3A
射貫まといちゃんねる	UCFrH3bfn7gDeV29wrHHM80g	UUFrH3bfn7gDeV29wrHHM80g
卯月コウ	UC3lNFeJiTq6L3UWoz4g1e-A	UU3lNFeJiTq6L3UWoz4g1e-A
今までありがとう	UCmzcjeRE968SSU_jNXN8ZuA	UUmzcjeRE968SSU_jNXN8ZuA
青川うそ	UCfyuU4kxzyk_0f8X18MLTWw	UUfyuU4kxzyk_0f8X18MLTWw
あおあか学園放送	UC37QJeT8wHMoZlMasJ7CEbw	UU37QJeT8wHMoZlMasJ7CEbw
Dr.博士研究所	UCXb3_z-tWPw3Pd0J86gy7yw	UUXb3_z-tWPw3Pd0J86gy7yw
実況司会者ケモノ外交官ゆきんこ	UCP0gksnZAHR2DmqTdPRiHpQ	UUP0gksnZAHR2DmqTdPRiHpQ
アイザック放送局	UCy4Q8hRvsvE2BfbFWVgIbVA	UUy4Q8hRvsvE2BfbFWVgIbVA
アジ吉	UCBNAA4BlXKtDuxCZqRIEPKw	UUBNAA4BlXKtDuxCZqRIEPKw
Kuzuha Channel	UCSFCh5NL4qXrAy9u-u2lX3g	UUSFCh5NL4qXrAy9u-u2lX3g
フブキCh。白上フブキ	UCdn5BQ06XqgXoAxIhbqw5Rg	UUdn5BQ06XqgXoAxIhbqw5Rg
【バーチャルカフェ店主】時芳透子	UC2ZOyvRmzWLaEigd3k8GE9w	UU2ZOyvRmzWLaEigd3k8GE9w
臓器悪い系バーチャルYouTuber狼娘ちゃんアットおどろく	UC--oTE32O37NvGS_4rS2cRg	UU--oTE32O37NvGS_4rS2cRg
椎名唯華	UC_4tXjqecqox5Uc05ncxpxg	UU_4tXjqecqox5Uc05ncxpxg
ベルモンド・バンデラス	UCbc8fwhdUNlqi-J99ISYu4A	UUbc8fwhdUNlqi-J99ISYu4A
CrySheep	UCoffJjfsXEZ1StnCSer-Kvg	UUoffJjfsXEZ1StnCSer-Kvg
市川美織	UCYnB7Y3zFSCBeQp-95C0Gxg	UUYnB7Y3zFSCBeQp-95C0Gxg
家長むぎ【にじさんじ所属】	UC_GCs6GARLxEHxy1w40d6VQ	UU_GCs6GARLxEHxy1w40d6VQ
春日部つくし	UCHccxX2p_9DB_HPnXSb2omw	UUHccxX2p_9DB_HPnXSb2omw
くどう丸	UCQlapFeHbCFogzZv34WlJrQ	UUQlapFeHbCFogzZv34WlJrQ
Mio Channel 大神ミオ	UCp-5t9SrOQwXMU7iIjQfARg	UUp-5t9SrOQwXMU7iIjQfARg
獣人型AI尾無	UCBphlgsEerySW89GheJmluQ	UUBphlgsEerySW89GheJmluQ
鷹宮リオン	UCV5ZZlLjk5MKGg3L0n0vbzw	UUV5ZZlLjk5MKGg3L0n0vbzw
アメノセイ-AMENOSEI	UCKgndddKiQGIn0-T8jHzndg	UUKgndddKiQGIn0-T8jHzndg
Loki　Yamato ちゃんねる	UCOhysS0oseNnsrdYBeOABfg	UUOhysS0oseNnsrdYBeOABfg
リゼ・ヘルエスタ -Lize Helesta-	UCZ1xuCK1kNmn5RzPYIZop3w	UUZ1xuCK1kNmn5RzPYIZop3w
黒井しば【にじさんじの犬】	UCmeyo5pRj_6PXG-CsGUuWWg	UUmeyo5pRj_6PXG-CsGUuWWg
-シシチャンネル-Shishi Channel	UCo5uTjnUikW0giyrKOIrOQA	UUo5uTjnUikW0giyrKOIrOQA
アシキch	UCDLXHZ72-ccUrUL423TbjdA	UUDLXHZ72-ccUrUL423TbjdA
憂多-Uta-Visual.Virtual.ShockChannel	UCConkYb_KpxKBCn2r5RUJqg	UUConkYb_KpxKBCn2r5RUJqg
乾ちゃんねる	UC8QEgcJgjrJWy4B43aXxsAQ	UU8QEgcJgjrJWy4B43aXxsAQ
K 羊飼い	UCdzSQbtvVyIkuUo9Nj8F8hw	UUdzSQbtvVyIkuUo9Nj8F8hw
がちめろ	UCl338pGmudLqd2ZKy9GvrKA	UUl338pGmudLqd2ZKy9GvrKA
ルル＝ルチカ	UCtj391Z3PBxq2MKq0b1-dxw	UUtj391Z3PBxq2MKq0b1-dxw
せかんどぺんちゃんねる	UCLQ97JVVcpAMFWubiEkkJvA	UULQ97JVVcpAMFWubiEkkJvA
メカトロカンパニーズ	UC38RqoHIIAJaZaYEnBnzLbw	UU38RqoHIIAJaZaYEnBnzLbw
Yuiちゃんねる	UCvSvE_joy23uGBlygDvbvPw	UUvSvE_joy23uGBlygDvbvPw
